offsetRange,"[C,C#,D,E-,E,F,F#,G,G#,A,B-,B]",triadLabel,triadCoef,coefList
168.0 to 168.875,"[0, 0, 3, 0, 0, 0, 0, 0, 0, 1, 0, 0]",dMajor,0.6793662204867574,"[-0.22645540682891915, -0.22645540682891915, 0.6793662204867574, -0.22645540682891915, -0.22645540682891915, 6.285400167808074e-18, -0.22645540682891918, 0.4529108136578383, -0.22645540682891915, 6.285400167808074e-18, 0.4529108136578383, -0.22645540682891915, 6.285400167808074e-18, -0.22645540682891915, 0.4529108136578383, -0.22645540682891915, -0.22645540682891915, 0.6793662204867574, -0.22645540682891915, -0.22645540682891918, -0.22645540682891915, 0.0, 0.4529108136578383, -0.22645540682891915]"
169.0 to 169.625,"[0, 0, 2, 0, 0, 1, 0, 1, 0, 0, 0, 0]",gMajor,0.6172133998483675,"[-3.426222638094154e-17, -3.426222638094154e-17, 0.30860669992418377, -3.426222638094154e-17, -0.3086066999241839, -3.426222638094154e-17, -0.3086066999241839, 0.6172133998483675, -0.3086066999241839, -0.30860669992418377, 0.6172133998483675, -0.3086066999241839, -0.30860669992418377, -3.426222638094154e-17, 0.30860669992418377, -3.426222638094154e-17, -0.30860669992418377, 0.6172133998483675, -0.3086066999241839, -8.565556595235384e-18, -3.426222638094154e-17, -0.30860669992418377, 0.6172133998483675, -0.3086066999241839]"
170.0 to 170.625,"[0, 0, 2, 0, 1, 0, 0, 0, 0, 0, 0, 0]",dMajor,0.4042260417272217,"[0.08084520834544433, -0.24253562503633297, 0.4042260417272217, -0.24253562503633297, 0.08084520834544433, -0.24253562503633297, -0.24253562503633297, 0.4042260417272217, -0.24253562503633297, 0.08084520834544433, 0.4042260417272217, -0.24253562503633297, 0.08084520834544433, -0.24253562503633297, 0.4042260417272217, -0.24253562503633297, 0.08084520834544433, 0.4042260417272217, -0.24253562503633297, 0.08084520834544433, -0.24253562503633297, -0.24253562503633297, 0.4042260417272217, -0.24253562503633297]"
171.0 to 171.875,"[0, 1, 0, 0, 2, 0, 0, 0, 0, 0, 1, 0]",aMajor,0.6172133998483675,"[0.30860669992418377, -3.426222638094154e-17, -0.3086066999241839, -3.426222638094154e-17, 0.30860669992418377, -0.3086066999241839, 0.30860669992418377, -0.30860669992418377, -0.3086066999241839, 0.6172133998483675, -3.426222638094154e-17, -0.30860669992418377, 0.30860669992418377, 0.30860669992418377, -0.30860669992418377, -0.30860669992418377, 0.6172133998483675, -0.3086066999241839, -3.426222638094154e-17, 0.30860669992418377, -0.3086066999241839, -2.1413891488088465e-17, -3.426222638094154e-17, -0.3086066999241839]"
172.0 to 172.625,"[0, 0, 0, 0, 2, 0, 0, 1, 0, 1, 0, 0]",cMajor,0.6172133998483675,"[0.6172133998483675, -0.3086066999241839, -3.426222638094154e-17, -1.713111319047077e-17, 0.30860669992418377, -5.139333957141231e-17, -0.30860669992418377, -1.713111319047077e-17, -0.3086066999241839, 0.6172133998483675, -0.3086066999241839, -0.30860669992418377, 0.6172133998483675, -0.3086066999241839, -0.30860669992418377, 0.0, 0.30860669992418377, -4.282778297617693e-17, -0.30860669992418377, 0.6172133998483675, -0.3086066999241839, 8.565556595235384e-18, -1.713111319047077e-17, -0.30860669992418377]"
173.0 to 173.625,"[0, 0, 0, 0, 3, 1, 0, 0, 0, 0, 0, 0]",cMajor,0.45291081365783836,"[0.45291081365783836, 0.0, -0.22645540682891918, -0.22645540682891918, 0.45291081365783836, 0.0, -0.22645540682891918, -0.22645540682891918, -0.22645540682891918, 0.4529108136578383, -6.2854001678080746e-18, -0.22645540682891918, 0.4529108136578383, -6.2854001678080746e-18, -0.22645540682891918, -0.22645540682891918, 0.4529108136578383, -6.2854001678080746e-18, -0.22645540682891918, 0.4529108136578383, 0.0, -0.22645540682891918, -0.22645540682891918, -0.22645540682891918]"
174.0 to 174.875,"[0, 0, 1, 0, 0, 2, 0, 0, 0, 1, 0, 0]",fMinor,0.9258200997725514,"[-0.3086066999241839, 0.30860669992418377, 0.30860669992418377, -0.30860669992418377, -0.3086066999241839, 0.6172133998483675, -0.30860669992418377, -1.713111319047077e-17, -0.30860669992418377, -5.139333957141231e-17, 0.6172133998483675, -0.30860669992418377, -5.139333957141231e-17, 0.30860669992418377, -1.713111319047077e-17, -0.30860669992418377, -0.3086066999241839, 0.9258200997725514, -0.30860669992418377, -0.3086066999241839, 0.30860669992418377, -8.565556595235384e-18, -1.713111319047077e-17, -0.30860669992418377]"
175.0 to 175.625,"[0, 0, 0, 0, 0, 2, 0, 1, 0, 0, 0, 0]",c#Major,0.4042260417272217,"[0.08084520834544433, 0.4042260417272217, -0.24253562503633297, 0.08084520834544433, -0.24253562503633297, 0.4042260417272217, -0.24253562503633297, 0.08084520834544433, -0.24253562503633297, -0.24253562503633297, 0.4042260417272217, -0.24253562503633297, -0.24253562503633297, 0.4042260417272217, -0.24253562503633297, 0.08084520834544433, -0.24253562503633297, 0.4042260417272217, -0.24253562503633297, 0.08084520834544433, 0.4042260417272217, -0.24253562503633297, 0.08084520834544433, -0.24253562503633297]"
176.0 to 176.625,"[0, 0, 1, 0, 1, 2, 0, 0, 0, 0, 0, 0]",b-Major,0.6172133998483675,"[-3.426222638094154e-17, 0.3086066999241837, -3.426222638094154e-17, -0.30860669992418377, -2.9979448083323847e-17, 0.3086066999241837, -0.30860669992418377, -3.426222638094154e-17, -0.30860669992418377, -3.426222638094154e-17, 0.6172133998483675, -0.30860669992418377, -3.426222638094154e-17, 0.3086066999241837, -3.426222638094154e-17, -0.30860669992418377, -3.426222638094154e-17, 0.6172133998483675, -0.30860669992418377, -3.426222638094154e-17, 0.3086066999241837, -0.30860669992418377, -3.426222638094154e-17, -0.30860669992418377]"
177.0 to 177.875,"[0, 0, 0, 0, 0, 0, 0, 3, 0, 0, 1, 0]",e-Major,0.6793662204867574,"[0.45291081365783825, -0.22645540682891915, -0.22645540682891913, 0.6793662204867574, -0.22645540682891915, -0.22645540682891915, 0.0, 0.4529108136578383, -0.22645540682891915, -0.22645540682891915, 0.0, -0.22645540682891915, -0.22645540682891915, 6.285400167808074e-18, -0.22645540682891915, 0.4529108136578383, -0.22645540682891915, -0.22645540682891915, 2.5141600671232295e-17, 0.4529108136578383, -0.22645540682891915, -0.22645540682891915, 0.6793662204867574, -0.22645540682891915]"
178.0 to 178.625,"[0, 0, 0, 0, 1, 1, 0, 2, 0, 0, 0, 0]",cMajor,0.6172133998483675,"[0.6172133998483675, -3.426222638094154e-17, -0.30860669992418377, 0.3086066999241837, -1.713111319047077e-17, -3.426222638094154e-17, -0.30860669992418377, 0.3086066999241837, -0.30860669992418377, -3.426222638094154e-17, -3.426222638094154e-17, -0.30860669992418377, -3.426222638094154e-17, -3.426222638094154e-17, -0.30860669992418377, 0.3086066999241837, -3.426222638094154e-17, -1.713111319047077e-17, -0.30860669992418377, 0.6172133998483675, -3.426222638094154e-17, -0.30860669992418377, 0.3086066999241837, -0.30860669992418377]"
179.0 to 179.625,"[1, 0, 1, 0, 0, 0, 0, 2, 0, 0, 0, 0]",cMajor,0.6172133998483675,"[0.6172133998483675, -0.30860669992418377, -2.9979448083323847e-17, 0.3086066999241837, -0.30860669992418377, -3.426222638094154e-17, -0.30860669992418377, 0.6172133998483674, -3.426222638094154e-17, -0.30860669992418377, -2.5696669785706153e-17, -0.30860669992418377, -3.426222638094154e-17, -0.30860669992418377, -3.426222638094154e-17, 0.6172133998483675, -0.30860669992418377, -3.426222638094154e-17, -0.30860669992418377, 0.3086066999241837, -3.426222638094154e-17, -0.30860669992418377, 0.6172133998483674, -0.30860669992418377]"
180.0 to 180.875,"[1, 0, 0, 0, 0, 1, 0, 0, 0, 2, 0, 0]",fMajor,0.9258200997725514,"[-1.713111319047077e-17, 0.0, 0.30860669992418377, -0.30860669992418377, -0.30860669992418377, 0.9258200997725514, -0.30860669992418377, -0.30860669992418377, -3.426222638094154e-17, 0.30860669992418377, -2.5696669785706156e-17, -0.30860669992418377, 0.6172133998483675, -1.713111319047077e-17, -0.30860669992418377, -2.5696669785706156e-17, -0.30860669992418377, 0.6172133998483675, -0.30860669992418377, -0.30860669992418377, 0.30860669992418377, 0.30860669992418377, -0.30860669992418377, -0.3086066999241839]"
181.0 to 181.625,"[0, 0, 0, 0, 0, 0, 0, 0, 0, 2, 1, 0]",dMajor,0.4042260417272217,"[-0.24253562503633297, -0.24253562503633297, 0.4042260417272217, 0.08084520834544433, -0.24253562503633297, 0.4042260417272217, 0.08084520834544433, -0.24253562503633297, -0.24253562503633297, 0.4042260417272217, 0.08084520834544433, -0.24253562503633297, 0.4042260417272217, 0.08084520834544433, -0.24253562503633297, -0.24253562503633297, -0.24253562503633297, 0.4042260417272217, 0.08084520834544433, -0.24253562503633297, -0.24253562503633297, 0.4042260417272217, 0.08084520834544433, -0.24253562503633297]"
182.0 to 182.625,"[0, 0, 0, 0, 0, 1, 0, 1, 0, 2, 0, 0]",fMajor,0.6172133998483675,"[-3.426222638094154e-17, -3.426222638094154e-17, 0.30860669992418377, -1.713111319047077e-17, -0.3086066999241839, 0.6172133998483675, -0.3086066999241839, -1.713111319047077e-17, -0.3086066999241839, 0.30860669992418377, -3.426222638094154e-17, -0.30860669992418377, 0.30860669992418377, -2.1413891488088465e-17, -0.30860669992418377, -3.426222638094154e-17, -0.30860669992418377, 0.6172133998483675, -0.30860669992418377, -3.426222638094154e-17, -3.426222638094154e-17, 0.30860669992418377, -1.713111319047077e-17, -0.3086066999241839]"
183.0 to 183.875,"[0, 0, 1, 0, 0, 0, 0, 0, 0, 0, 3, 0]",b-Major,0.6793662204867574,"[-0.22645540682891915, -0.22645540682891915, 1.2570800335616148e-17, 0.4529108136578383, -0.22645540682891915, -0.22645540682891915, 0.4529108136578383, 1.2570800335616148e-17, -0.22645540682891915, -0.22645540682891915, 0.6793662204867574, -0.22645540682891915, -0.22645540682891915, 0.45291081365783836, 1.2570800335616148e-17, -0.22645540682891913, -0.22645540682891915, 6.285400167808074e-18, 0.4529108136578383, -0.22645540682891915, -0.22645540682891915, -0.22645540682891915, 0.6793662204867574, -0.22645540682891913]"
184.0 to 184.625,"[0, 0, 0, 0, 0, 0, 0, 1, 0, 1, 2, 0]",e-Major,0.6172133998483675,"[-3.426222638094154e-17, -0.30860669992418377, 0.0, 0.6172133998483675, -0.3086066999241839, -1.713111319047077e-17, 0.30860669992418377, -3.426222638094154e-17, -0.3086066999241839, -1.713111319047077e-17, 0.30860669992418377, -0.30860669992418377, -1.713111319047077e-17, 0.30860669992418377, -0.30860669992418377, -2.1413891488088465e-17, -0.30860669992418377, -3.426222638094154e-17, 0.30860669992418377, -3.8545004678559234e-17, -0.30860669992418377, 0.0, 0.6172133998483675, -0.30860669992418377]"
185.0 to 185.875,"[0, 0, 0, 0, 1, 1, 0, 1, 0, 0, 2, 0]",e-Major,0.5261522196019802,"[0.22549380840084865, -0.07516460280028288, -0.3758230140014145, 0.5261522196019802, -0.07516460280028285, -0.07516460280028288, 0.2254938084008487, -0.07516460280028286, -0.3758230140014144, -0.07516460280028288, 0.5261522196019802, -0.3758230140014145, -0.07516460280028288, 0.5261522196019802, -0.3758230140014145, -0.07516460280028288, -0.07516460280028288, -0.07516460280028285, 0.22549380840084873, 0.2254938084008487, -0.07516460280028288, -0.3758230140014145, 0.5261522196019802, -0.3758230140014145]"
186.0 to 186.625,"[0, 0, 0, 0, 0, 2, 0, 0, 0, 3, 0, 0]",fMajor,0.7566499084579775,"[-0.25221663615265916, 0.1513299816915955, 0.35310329061372275, -0.25221663615265916, -0.25221663615265916, 0.7566499084579775, -0.25221663615265916, -0.25221663615265916, -0.25221663615265916, 0.35310329061372275, 0.15132998169159548, -0.25221663615265916, 0.35310329061372275, 0.1513299816915955, -0.25221663615265916, -0.25221663615265916, -0.25221663615265916, 0.7566499084579775, -0.25221663615265916, -0.2522166361526591, 0.1513299816915955, 0.35310329061372275, -0.25221663615265916, -0.25221663615265916]"
187.0 to 187.625,"[1, 0, 0, 0, 0, 1, 0, 0, 0, 2, 1, 0]",fMajor,0.8268106308031118,"[-0.07516460280028288, -0.07516460280028288, 0.22549380840084873, -0.07516460280028286, -0.3758230140014145, 0.8268106308031118, -0.07516460280028286, -0.3758230140014145, -0.07516460280028286, 0.22549380840084873, 0.22549380840084865, -0.3758230140014145, 0.5261522196019802, 0.22549380840084865, -0.3758230140014145, -0.07516460280028286, -0.3758230140014145, 0.5261522196019803, -0.07516460280028286, -0.3758230140014144, 0.22549380840084865, 0.2254938084008487, -0.07516460280028286, -0.3758230140014144]"
188.0 to 188.875,"[2, 0, 1, 0, 1, 1, 0, 2, 0, 1, 0, 0]",cMajor,0.7745966692414833,"[0.7745966692414833, -0.25819888974716115, -4.299875284949258e-17, -1.433291761649753e-17, -0.25819888974716115, 0.5163977794943223, -0.5163977794943223, 0.25819888974716115, -4.299875284949258e-17, -5.016521165774134e-17, -5.016521165774134e-17, -0.5163977794943223, 0.5163977794943223, -0.25819888974716115, -0.25819888974716115, 0.5163977794943223, -0.25819888974716115, 0.2581988897471611, -0.5163977794943223, 0.2581988897471611, 0.25819888974716115, -0.25819888974716115, 0.25819888974716115, -0.5163977794943223]"
189.0 to 189.625,"[0, 0, 0, 0, 0, 2, 0, 1, 0, 0, 0, 0]",c#Major,0.4042260417272217,"[0.08084520834544433, 0.4042260417272217, -0.24253562503633297, 0.08084520834544433, -0.24253562503633297, 0.4042260417272217, -0.24253562503633297, 0.08084520834544433, -0.24253562503633297, -0.24253562503633297, 0.4042260417272217, -0.24253562503633297, -0.24253562503633297, 0.4042260417272217, -0.24253562503633297, 0.08084520834544433, -0.24253562503633297, 0.4042260417272217, -0.24253562503633297, 0.08084520834544433, 0.4042260417272217, -0.24253562503633297, 0.08084520834544433, -0.24253562503633297]"
190.0 to 190.625,"[0, 0, 0, 0, 0, 2, 0, 1, 0, 1, 0, 0]",fMajor,0.6172133998483675,"[-6.852445276188307e-17, 0.30860669992418377, -3.426222638094154e-17, -1.713111319047077e-17, -0.3086066999241839, 0.6172133998483675, -0.30860669992418377, -1.713111319047077e-17, -0.3086066999241839, -5.139333957141231e-17, 0.30860669992418377, -0.30860669992418377, -5.139333957141231e-17, 0.30860669992418377, -0.30860669992418377, 0.0, -0.3086066999241839, 0.6172133998483675, -0.30860669992418377, -6.852445276188307e-17, 0.30860669992418377, 8.565556595235384e-18, -1.713111319047077e-17, -0.30860669992418377]"
191.0 to 191.5,"[0, 0, 0, 0, 1, 1, 0, 0, 0, 0, 0, 0]",cMajor,0.25819888974716104,"[0.25819888974716104, 0.25819888974716104, -0.25819888974716115, -0.2581988897471611, 0.25819888974716104, 0.25819888974716104, -0.2581988897471611, -0.2581988897471611, -0.2581988897471611, 0.25819888974716104, 0.25819888974716104, -0.2581988897471611, 0.25819888974716104, 0.25819888974716104, -0.2581988897471611, -0.2581988897471611, 0.25819888974716104, 0.25819888974716104, -0.2581988897471611, 0.25819888974716104, 0.25819888974716104, -0.2581988897471611, -0.2581988897471611, -0.25819888974716115]"
192.0 to 192.875,"[0, 0, 3, 0, 0, 0, 0, 0, 0, 1, 0, 0]",dMajor,0.6793662204867574,"[-0.22645540682891915, -0.22645540682891915, 0.6793662204867574, -0.22645540682891915, -0.22645540682891915, 6.285400167808074e-18, -0.22645540682891918, 0.4529108136578383, -0.22645540682891915, 6.285400167808074e-18, 0.4529108136578383, -0.22645540682891915, 6.285400167808074e-18, -0.22645540682891915, 0.4529108136578383, -0.22645540682891915, -0.22645540682891915, 0.6793662204867574, -0.22645540682891915, -0.22645540682891918, -0.22645540682891915, 0.0, 0.4529108136578383, -0.22645540682891915]"
193.0 to 193.625,"[0, 0, 2, 0, 0, 1, 0, 1, 0, 0, 0, 0]",gMajor,0.6172133998483675,"[-3.426222638094154e-17, -3.426222638094154e-17, 0.30860669992418377, -3.426222638094154e-17, -0.3086066999241839, -3.426222638094154e-17, -0.3086066999241839, 0.6172133998483675, -0.3086066999241839, -0.30860669992418377, 0.6172133998483675, -0.3086066999241839, -0.30860669992418377, -3.426222638094154e-17, 0.30860669992418377, -3.426222638094154e-17, -0.30860669992418377, 0.6172133998483675, -0.3086066999241839, -8.565556595235384e-18, -3.426222638094154e-17, -0.30860669992418377, 0.6172133998483675, -0.3086066999241839]"
194.0 to 194.625,"[0, 0, 2, 0, 1, 0, 0, 0, 0, 0, 0, 0]",dMajor,0.4042260417272217,"[0.08084520834544433, -0.24253562503633297, 0.4042260417272217, -0.24253562503633297, 0.08084520834544433, -0.24253562503633297, -0.24253562503633297, 0.4042260417272217, -0.24253562503633297, 0.08084520834544433, 0.4042260417272217, -0.24253562503633297, 0.08084520834544433, -0.24253562503633297, 0.4042260417272217, -0.24253562503633297, 0.08084520834544433, 0.4042260417272217, -0.24253562503633297, 0.08084520834544433, -0.24253562503633297, -0.24253562503633297, 0.4042260417272217, -0.24253562503633297]"
195.0 to 195.875,"[0, 1, 0, 0, 2, 0, 0, 0, 0, 0, 1, 0]",aMajor,0.6172133998483675,"[0.30860669992418377, -3.426222638094154e-17, -0.3086066999241839, -3.426222638094154e-17, 0.30860669992418377, -0.3086066999241839, 0.30860669992418377, -0.30860669992418377, -0.3086066999241839, 0.6172133998483675, -3.426222638094154e-17, -0.30860669992418377, 0.30860669992418377, 0.30860669992418377, -0.30860669992418377, -0.30860669992418377, 0.6172133998483675, -0.3086066999241839, -3.426222638094154e-17, 0.30860669992418377, -0.3086066999241839, -2.1413891488088465e-17, -3.426222638094154e-17, -0.3086066999241839]"
196.0 to 196.625,"[0, 0, 0, 0, 2, 0, 0, 1, 0, 1, 0, 0]",cMajor,0.6172133998483675,"[0.6172133998483675, -0.3086066999241839, -3.426222638094154e-17, -1.713111319047077e-17, 0.30860669992418377, -5.139333957141231e-17, -0.30860669992418377, -1.713111319047077e-17, -0.3086066999241839, 0.6172133998483675, -0.3086066999241839, -0.30860669992418377, 0.6172133998483675, -0.3086066999241839, -0.30860669992418377, 0.0, 0.30860669992418377, -4.282778297617693e-17, -0.30860669992418377, 0.6172133998483675, -0.3086066999241839, 8.565556595235384e-18, -1.713111319047077e-17, -0.30860669992418377]"
197.0 to 197.625,"[0, 0, 0, 0, 3, 1, 0, 0, 0, 0, 0, 0]",cMajor,0.45291081365783836,"[0.45291081365783836, 0.0, -0.22645540682891918, -0.22645540682891918, 0.45291081365783836, 0.0, -0.22645540682891918, -0.22645540682891918, -0.22645540682891918, 0.4529108136578383, -6.2854001678080746e-18, -0.22645540682891918, 0.4529108136578383, -6.2854001678080746e-18, -0.22645540682891918, -0.22645540682891918, 0.4529108136578383, -6.2854001678080746e-18, -0.22645540682891918, 0.4529108136578383, 0.0, -0.22645540682891918, -0.22645540682891918, -0.22645540682891918]"
198.0 to 198.875,"[0, 0, 1, 0, 0, 2, 0, 0, 0, 1, 0, 0]",fMinor,0.9258200997725514,"[-0.3086066999241839, 0.30860669992418377, 0.30860669992418377, -0.30860669992418377, -0.3086066999241839, 0.6172133998483675, -0.30860669992418377, -1.713111319047077e-17, -0.30860669992418377, -5.139333957141231e-17, 0.6172133998483675, -0.30860669992418377, -5.139333957141231e-17, 0.30860669992418377, -1.713111319047077e-17, -0.30860669992418377, -0.3086066999241839, 0.9258200997725514, -0.30860669992418377, -0.3086066999241839, 0.30860669992418377, -8.565556595235384e-18, -1.713111319047077e-17, -0.30860669992418377]"
199.0 to 199.625,"[0, 0, 0, 0, 0, 2, 0, 1, 0, 0, 0, 0]",c#Major,0.4042260417272217,"[0.08084520834544433, 0.4042260417272217, -0.24253562503633297, 0.08084520834544433, -0.24253562503633297, 0.4042260417272217, -0.24253562503633297, 0.08084520834544433, -0.24253562503633297, -0.24253562503633297, 0.4042260417272217, -0.24253562503633297, -0.24253562503633297, 0.4042260417272217, -0.24253562503633297, 0.08084520834544433, -0.24253562503633297, 0.4042260417272217, -0.24253562503633297, 0.08084520834544433, 0.4042260417272217, -0.24253562503633297, 0.08084520834544433, -0.24253562503633297]"
200.0 to 200.625,"[0, 0, 1, 0, 1, 2, 0, 0, 0, 0, 0, 0]",b-Major,0.6172133998483675,"[-3.426222638094154e-17, 0.3086066999241837, -3.426222638094154e-17, -0.30860669992418377, -2.9979448083323847e-17, 0.3086066999241837, -0.30860669992418377, -3.426222638094154e-17, -0.30860669992418377, -3.426222638094154e-17, 0.6172133998483675, -0.30860669992418377, -3.426222638094154e-17, 0.3086066999241837, -3.426222638094154e-17, -0.30860669992418377, -3.426222638094154e-17, 0.6172133998483675, -0.30860669992418377, -3.426222638094154e-17, 0.3086066999241837, -0.30860669992418377, -3.426222638094154e-17, -0.30860669992418377]"
201.0 to 201.875,"[0, 0, 0, 0, 0, 0, 0, 3, 0, 0, 1, 0]",e-Major,0.6793662204867574,"[0.45291081365783825, -0.22645540682891915, -0.22645540682891913, 0.6793662204867574, -0.22645540682891915, -0.22645540682891915, 0.0, 0.4529108136578383, -0.22645540682891915, -0.22645540682891915, 0.0, -0.22645540682891915, -0.22645540682891915, 6.285400167808074e-18, -0.22645540682891915, 0.4529108136578383, -0.22645540682891915, -0.22645540682891915, 2.5141600671232295e-17, 0.4529108136578383, -0.22645540682891915, -0.22645540682891915, 0.6793662204867574, -0.22645540682891915]"
202.0 to 202.625,"[0, 0, 0, 0, 1, 1, 0, 2, 0, 0, 0, 0]",cMajor,0.6172133998483675,"[0.6172133998483675, -3.426222638094154e-17, -0.30860669992418377, 0.3086066999241837, -1.713111319047077e-17, -3.426222638094154e-17, -0.30860669992418377, 0.3086066999241837, -0.30860669992418377, -3.426222638094154e-17, -3.426222638094154e-17, -0.30860669992418377, -3.426222638094154e-17, -3.426222638094154e-17, -0.30860669992418377, 0.3086066999241837, -3.426222638094154e-17, -1.713111319047077e-17, -0.30860669992418377, 0.6172133998483675, -3.426222638094154e-17, -0.30860669992418377, 0.3086066999241837, -0.30860669992418377]"
203.0 to 203.625,"[1, 0, 1, 0, 0, 0, 0, 2, 0, 0, 0, 0]",cMajor,0.6172133998483675,"[0.6172133998483675, -0.30860669992418377, -2.9979448083323847e-17, 0.3086066999241837, -0.30860669992418377, -3.426222638094154e-17, -0.30860669992418377, 0.6172133998483674, -3.426222638094154e-17, -0.30860669992418377, -2.5696669785706153e-17, -0.30860669992418377, -3.426222638094154e-17, -0.30860669992418377, -3.426222638094154e-17, 0.6172133998483675, -0.30860669992418377, -3.426222638094154e-17, -0.30860669992418377, 0.3086066999241837, -3.426222638094154e-17, -0.30860669992418377, 0.6172133998483674, -0.30860669992418377]"
204.0 to 204.875,"[1, 0, 0, 0, 0, 1, 0, 0, 0, 2, 0, 0]",fMajor,0.9258200997725514,"[-1.713111319047077e-17, 0.0, 0.30860669992418377, -0.30860669992418377, -0.30860669992418377, 0.9258200997725514, -0.30860669992418377, -0.30860669992418377, -3.426222638094154e-17, 0.30860669992418377, -2.5696669785706156e-17, -0.30860669992418377, 0.6172133998483675, -1.713111319047077e-17, -0.30860669992418377, -2.5696669785706156e-17, -0.30860669992418377, 0.6172133998483675, -0.30860669992418377, -0.30860669992418377, 0.30860669992418377, 0.30860669992418377, -0.30860669992418377, -0.3086066999241839]"
205.0 to 205.625,"[0, 0, 0, 0, 0, 0, 0, 0, 0, 2, 1, 0]",dMajor,0.4042260417272217,"[-0.24253562503633297, -0.24253562503633297, 0.4042260417272217, 0.08084520834544433, -0.24253562503633297, 0.4042260417272217, 0.08084520834544433, -0.24253562503633297, -0.24253562503633297, 0.4042260417272217, 0.08084520834544433, -0.24253562503633297, 0.4042260417272217, 0.08084520834544433, -0.24253562503633297, -0.24253562503633297, -0.24253562503633297, 0.4042260417272217, 0.08084520834544433, -0.24253562503633297, -0.24253562503633297, 0.4042260417272217, 0.08084520834544433, -0.24253562503633297]"
206.0 to 206.625,"[0, 0, 0, 0, 0, 1, 0, 1, 0, 2, 0, 0]",fMajor,0.6172133998483675,"[-3.426222638094154e-17, -3.426222638094154e-17, 0.30860669992418377, -1.713111319047077e-17, -0.3086066999241839, 0.6172133998483675, -0.3086066999241839, -1.713111319047077e-17, -0.3086066999241839, 0.30860669992418377, -3.426222638094154e-17, -0.30860669992418377, 0.30860669992418377, -2.1413891488088465e-17, -0.30860669992418377, -3.426222638094154e-17, -0.30860669992418377, 0.6172133998483675, -0.30860669992418377, -3.426222638094154e-17, -3.426222638094154e-17, 0.30860669992418377, -1.713111319047077e-17, -0.3086066999241839]"
207.0 to 207.875,"[0, 0, 1, 0, 0, 0, 0, 0, 0, 0, 3, 0]",b-Major,0.6793662204867574,"[-0.22645540682891915, -0.22645540682891915, 1.2570800335616148e-17, 0.4529108136578383, -0.22645540682891915, -0.22645540682891915, 0.4529108136578383, 1.2570800335616148e-17, -0.22645540682891915, -0.22645540682891915, 0.6793662204867574, -0.22645540682891915, -0.22645540682891915, 0.45291081365783836, 1.2570800335616148e-17, -0.22645540682891913, -0.22645540682891915, 6.285400167808074e-18, 0.4529108136578383, -0.22645540682891915, -0.22645540682891915, -0.22645540682891915, 0.6793662204867574, -0.22645540682891913]"
208.0 to 208.625,"[0, 0, 0, 0, 0, 0, 0, 1, 0, 1, 2, 0]",e-Major,0.6172133998483675,"[-3.426222638094154e-17, -0.30860669992418377, 0.0, 0.6172133998483675, -0.3086066999241839, -1.713111319047077e-17, 0.30860669992418377, -3.426222638094154e-17, -0.3086066999241839, -1.713111319047077e-17, 0.30860669992418377, -0.30860669992418377, -1.713111319047077e-17, 0.30860669992418377, -0.30860669992418377, -2.1413891488088465e-17, -0.30860669992418377, -3.426222638094154e-17, 0.30860669992418377, -3.8545004678559234e-17, -0.30860669992418377, 0.0, 0.6172133998483675, -0.30860669992418377]"
209.0 to 209.875,"[0, 0, 0, 0, 1, 1, 0, 1, 0, 0, 2, 0]",e-Major,0.5261522196019802,"[0.22549380840084865, -0.07516460280028288, -0.3758230140014145, 0.5261522196019802, -0.07516460280028285, -0.07516460280028288, 0.2254938084008487, -0.07516460280028286, -0.3758230140014144, -0.07516460280028288, 0.5261522196019802, -0.3758230140014145, -0.07516460280028288, 0.5261522196019802, -0.3758230140014145, -0.07516460280028288, -0.07516460280028288, -0.07516460280028285, 0.22549380840084873, 0.2254938084008487, -0.07516460280028288, -0.3758230140014145, 0.5261522196019802, -0.3758230140014145]"
210.0 to 210.625,"[0, 0, 0, 0, 0, 2, 0, 0, 0, 3, 0, 0]",fMajor,0.7566499084579775,"[-0.25221663615265916, 0.1513299816915955, 0.35310329061372275, -0.25221663615265916, -0.25221663615265916, 0.7566499084579775, -0.25221663615265916, -0.25221663615265916, -0.25221663615265916, 0.35310329061372275, 0.15132998169159548, -0.25221663615265916, 0.35310329061372275, 0.1513299816915955, -0.25221663615265916, -0.25221663615265916, -0.25221663615265916, 0.7566499084579775, -0.25221663615265916, -0.2522166361526591, 0.1513299816915955, 0.35310329061372275, -0.25221663615265916, -0.25221663615265916]"
211.0 to 211.625,"[1, 0, 0, 0, 0, 1, 0, 0, 0, 2, 1, 0]",fMajor,0.8268106308031118,"[-0.07516460280028288, -0.07516460280028288, 0.22549380840084873, -0.07516460280028286, -0.3758230140014145, 0.8268106308031118, -0.07516460280028286, -0.3758230140014145, -0.07516460280028286, 0.22549380840084873, 0.22549380840084865, -0.3758230140014145, 0.5261522196019802, 0.22549380840084865, -0.3758230140014145, -0.07516460280028286, -0.3758230140014145, 0.5261522196019803, -0.07516460280028286, -0.3758230140014144, 0.22549380840084865, 0.2254938084008487, -0.07516460280028286, -0.3758230140014144]"
212.0 to 212.875,"[2, 0, 1, 0, 1, 1, 0, 2, 0, 1, 0, 0]",cMajor,0.7745966692414833,"[0.7745966692414833, -0.25819888974716115, -4.299875284949258e-17, -1.433291761649753e-17, -0.25819888974716115, 0.5163977794943223, -0.5163977794943223, 0.25819888974716115, -4.299875284949258e-17, -5.016521165774134e-17, -5.016521165774134e-17, -0.5163977794943223, 0.5163977794943223, -0.25819888974716115, -0.25819888974716115, 0.5163977794943223, -0.25819888974716115, 0.2581988897471611, -0.5163977794943223, 0.2581988897471611, 0.25819888974716115, -0.25819888974716115, 0.25819888974716115, -0.5163977794943223]"
213.0 to 213.625,"[0, 0, 0, 0, 0, 2, 0, 1, 0, 0, 0, 0]",c#Major,0.4042260417272217,"[0.08084520834544433, 0.4042260417272217, -0.24253562503633297, 0.08084520834544433, -0.24253562503633297, 0.4042260417272217, -0.24253562503633297, 0.08084520834544433, -0.24253562503633297, -0.24253562503633297, 0.4042260417272217, -0.24253562503633297, -0.24253562503633297, 0.4042260417272217, -0.24253562503633297, 0.08084520834544433, -0.24253562503633297, 0.4042260417272217, -0.24253562503633297, 0.08084520834544433, 0.4042260417272217, -0.24253562503633297, 0.08084520834544433, -0.24253562503633297]"
214.0 to 214.625,"[0, 0, 0, 0, 0, 2, 0, 1, 0, 1, 0, 0]",fMajor,0.6172133998483675,"[-6.852445276188307e-17, 0.30860669992418377, -3.426222638094154e-17, -1.713111319047077e-17, -0.3086066999241839, 0.6172133998483675, -0.30860669992418377, -1.713111319047077e-17, -0.3086066999241839, -5.139333957141231e-17, 0.30860669992418377, -0.30860669992418377, -5.139333957141231e-17, 0.30860669992418377, -0.30860669992418377, 0.0, -0.3086066999241839, 0.6172133998483675, -0.30860669992418377, -6.852445276188307e-17, 0.30860669992418377, 8.565556595235384e-18, -1.713111319047077e-17, -0.30860669992418377]"
215.0 to 215.5,"[0, 0, 0, 0, 1, 1, 0, 0, 0, 0, 0, 0]",cMajor,0.25819888974716104,"[0.25819888974716104, 0.25819888974716104, -0.25819888974716115, -0.2581988897471611, 0.25819888974716104, 0.25819888974716104, -0.2581988897471611, -0.2581988897471611, -0.2581988897471611, 0.25819888974716104, 0.25819888974716104, -0.2581988897471611, 0.25819888974716104, 0.25819888974716104, -0.2581988897471611, -0.2581988897471611, 0.25819888974716104, 0.25819888974716104, -0.2581988897471611, 0.25819888974716104, 0.25819888974716104, -0.2581988897471611, -0.2581988897471611, -0.25819888974716115]"
216.0 to 216.875,"[0, 0, 0, 0, 0, 3, 0, 0, 0, 0, 0, 0]",c#Major,0.5222329678670935,"[-0.17407765595569785, 0.5222329678670935, -0.17407765595569785, -0.17407765595569785, -0.17407765595569785, 0.5222329678670935, -0.17407765595569785, -0.17407765595569785, -0.17407765595569785, -0.17407765595569785, 0.5222329678670935, -0.17407765595569785, -0.17407765595569785, 0.5222329678670935, -0.17407765595569785, -0.17407765595569785, -0.17407765595569785, 0.5222329678670935, -0.17407765595569785, -0.17407765595569785, 0.5222329678670935, -0.17407765595569785, -0.17407765595569785, -0.17407765595569785]"
217.0 to 217.625,"[0, 0, 0, 0, 0, 2, 0, 1, 0, 1, 0, 0]",fMajor,0.6172133998483675,"[-6.852445276188307e-17, 0.30860669992418377, -3.426222638094154e-17, -1.713111319047077e-17, -0.3086066999241839, 0.6172133998483675, -0.30860669992418377, -1.713111319047077e-17, -0.3086066999241839, -5.139333957141231e-17, 0.30860669992418377, -0.30860669992418377, -5.139333957141231e-17, 0.30860669992418377, -0.30860669992418377, 0.0, -0.3086066999241839, 0.6172133998483675, -0.30860669992418377, -6.852445276188307e-17, 0.30860669992418377, 8.565556595235384e-18, -1.713111319047077e-17, -0.30860669992418377]"
218.0 to 218.625,"[0, 0, 0, 0, 0, 2, 0, 0, 0, 1, 1, 0]",fMajor,0.6172133998483675,"[-0.3086066999241839, 0.30860669992418377, -3.426222638094154e-17, -1.713111319047077e-17, -0.30860669992418377, 0.6172133998483675, 0.0, -0.30860669992418377, -0.3086066999241839, -5.139333957141231e-17, 0.6172133998483675, -0.30860669992418377, -5.139333957141231e-17, 0.6172133998483675, -0.30860669992418377, -0.30860669992418377, -0.3086066999241839, 0.6172133998483675, -1.713111319047077e-17, -0.3086066999241839, 0.30860669992418377, -4.282778297617692e-18, -1.713111319047077e-17, -0.30860669992418377]"
219.0 to 219.875,"[1, 0, 0, 2, 0, 1, 0, 0, 0, 0, 0, 0]",g#Major,0.6172133998483675,"[0.0, -1.713111319047077e-17, -0.3086066999241839, 0.30860669992418377, -0.30860669992418377, 0.30860669992418377, -0.30860669992418377, -0.3086066999241839, 0.6172133998483675, -0.30860669992418377, -3.426222638094154e-17, 0.30860669992418377, -1.713111319047077e-17, 0.0, -0.3086066999241839, 0.6172133998483675, -0.30860669992418377, -5.139333957141231e-17, 0.30860669992418377, -0.30860669992418377, 0.30860669992418377, -0.30860669992418377, -0.3086066999241839, 0.30860669992418377]"
220.0 to 220.625,"[0, 0, 0, 2, 0, 1, 0, 1, 0, 0, 0, 0]",e-Major,0.6172133998483675,"[-3.426222638094154e-17, -3.426222638094154e-17, -0.3086066999241839, 0.6172133998483675, -0.3086066999241839, -3.426222638094154e-17, -0.3086066999241839, -3.426222638094154e-17, 0.30860669992418377, -0.30860669992418377, -3.426222638094154e-17, 0.30860669992418377, -0.30860669992418377, -3.426222638094154e-17, -0.3086066999241839, 0.6172133998483675, -0.30860669992418377, -6.852445276188307e-17, 0.30860669992418377, -8.565556595235384e-18, -3.426222638094154e-17, -0.30860669992418377, -3.426222638094154e-17, 0.30860669992418377]"
221.0 to 221.625,"[0, 0, 0, 2, 0, 0, 0, 1, 0, 1, 0, 0]",e-Major,0.6172133998483675,"[-3.426222638094154e-17, -0.30860669992418377, -3.426222638094154e-17, 0.6172133998483675, -0.3086066999241839, -3.426222638094154e-17, -0.3086066999241839, -3.426222638094154e-17, 0.30860669992418377, -3.426222638094154e-17, -0.3086066999241839, 0.30860669992418377, -3.426222638094154e-17, -0.3086066999241839, -0.3086066999241839, 0.6172133998483675, -0.30860669992418377, -3.426222638094154e-17, 0.30860669992418377, -2.1413891488088465e-17, -0.30860669992418377, 0.0, -3.426222638094154e-17, 0.30860669992418377]"
222.0 to 222.875,"[0, 0, 2, 0, 0, 0, 0, 0, 0, 0, 1, 0]",b-Major,0.727606875108999,"[-0.24253562503633297, -0.24253562503633297, 0.4042260417272217, 0.08084520834544433, -0.24253562503633297, -0.24253562503633297, 0.08084520834544433, 0.4042260417272217, -0.24253562503633297, -0.24253562503633297, 0.727606875108999, -0.24253562503633297, -0.24253562503633297, 0.08084520834544433, 0.4042260417272217, -0.24253562503633297, -0.24253562503633297, 0.4042260417272217, 0.08084520834544433, -0.24253562503633297, -0.24253562503633297, -0.24253562503633297, 0.727606875108999, -0.24253562503633297]"
223.0 to 223.625,"[1, 0, 2, 0, 0, 0, 0, 0, 0, 0, 0, 0]",dMajor,0.4042260417272217,"[0.08084520834544433, -0.24253562503633297, 0.4042260417272217, -0.24253562503633297, -0.24253562503633297, 0.08084520834544433, -0.24253562503633297, 0.4042260417272217, 0.08084520834544433, -0.24253562503633297, 0.4042260417272217, -0.24253562503633297, 0.08084520834544433, -0.24253562503633297, 0.4042260417272217, 0.08084520834544433, -0.24253562503633297, 0.4042260417272217, -0.24253562503633297, -0.24253562503633297, 0.08084520834544433, -0.24253562503633297, 0.4042260417272217, -0.24253562503633297]"
224.0 to 224.625,"[0, 0, 2, 0, 1, 0, 0, 0, 0, 0, 0, 0]",dMajor,0.4042260417272217,"[0.08084520834544433, -0.24253562503633297, 0.4042260417272217, -0.24253562503633297, 0.08084520834544433, -0.24253562503633297, -0.24253562503633297, 0.4042260417272217, -0.24253562503633297, 0.08084520834544433, 0.4042260417272217, -0.24253562503633297, 0.08084520834544433, -0.24253562503633297, 0.4042260417272217, -0.24253562503633297, 0.08084520834544433, 0.4042260417272217, -0.24253562503633297, 0.08084520834544433, -0.24253562503633297, -0.24253562503633297, 0.4042260417272217, -0.24253562503633297]"
225.0 to 225.875,"[2, 0, 0, 0, 0, 0, 1, 0, 0, 1, 0, 0]",fMajor,0.6172133998483675,"[0.30860669992418377, -0.3086066999241839, 0.30860669992418377, -0.30860669992418377, -0.3086066999241839, 0.6172133998483675, -6.852445276188307e-17, -0.30860669992418377, 0.30860669992418377, -5.139333957141231e-17, -0.30860669992418377, -1.713111319047077e-17, 0.6172133998483675, -0.3086066999241839, -1.713111319047077e-17, 0.30860669992418377, -0.3086066999241839, -8.565556595235384e-18, -1.713111319047077e-17, -0.30860669992418377, 0.30860669992418377, 0.30860669992418377, -0.30860669992418377, -0.30860669992418377]"
226.0 to 226.625,"[2, 0, 1, 0, 0, 0, 1, 0, 0, 0, 0, 0]",cMajor,0.30860669992418377,"[0.30860669992418377, -0.3086066999241839, 0.30860669992418377, -0.30860669992418377, -0.30860669992418377, 0.30860669992418377, -5.139333957141231e-17, -1.713111319047077e-17, 0.30860669992418377, -0.3086066999241839, -1.713111319047077e-17, -1.713111319047077e-17, 0.30860669992418377, -0.3086066999241839, 0.30860669992418377, 0.30860669992418377, -0.3086066999241839, -3.426222638094154e-17, -1.713111319047077e-17, -0.30860669992418377, 0.30860669992418377, -3.426222638094154e-17, -1.713111319047077e-17, -0.30860669992418377]"
227.0 to 227.625,"[2, 0, 0, 0, 1, 0, 1, 0, 0, 0, 0, 0]",cMajor,0.6172133998483675,"[0.6172133998483675, -0.3086066999241839, -3.426222638094154e-17, -0.30860669992418377, -2.1413891488088465e-17, 0.30860669992418377, -6.852445276188307e-17, -0.30860669992418377, 0.30860669992418377, -3.426222638094154e-17, -0.30860669992418377, -3.426222638094154e-17, 0.6172133998483675, -0.3086066999241839, -3.426222638094154e-17, 0.30860669992418377, -3.426222638094154e-17, -0.3086066999241839, -3.426222638094154e-17, -1.713111319047077e-17, 0.30860669992418377, -3.426222638094154e-17, -0.30860669992418377, -0.3086066999241839]"
228.0 to 228.875,"[0, 0, 0, 0, 0, 0, 0, 1, 0, 0, 2, 0]",e-Major,0.727606875108999,"[0.08084520834544433, -0.24253562503633297, -0.24253562503633297, 0.727606875108999, -0.24253562503633297, -0.24253562503633297, 0.4042260417272217, 0.08084520834544433, -0.24253562503633297, -0.24253562503633297, 0.4042260417272217, -0.24253562503633297, -0.24253562503633297, 0.4042260417272217, -0.24253562503633297, 0.08084520834544433, -0.24253562503633297, -0.24253562503633297, 0.4042260417272217, 0.08084520834544433, -0.24253562503633297, -0.24253562503633297, 0.727606875108999, -0.24253562503633297]"
229.0 to 229.625,"[1, 0, 0, 0, 0, 0, 0, 1, 0, 0, 2, 0]",e-Major,0.6172133998483675,"[0.30860669992418377, -0.30860669992418377, -0.3086066999241839, 0.6172133998483675, -0.3086066999241839, -1.713111319047077e-17, 0.30860669992418377, -3.426222638094154e-17, -6.852445276188307e-17, -0.30860669992418377, 0.30860669992418377, -0.30860669992418377, -1.713111319047077e-17, 0.30860669992418377, -0.30860669992418377, 0.30860669992418377, -0.30860669992418377, -0.3086066999241839, 0.30860669992418377, -4.282778297617693e-17, -1.713111319047077e-17, -0.30860669992418377, 0.6172133998483675, -0.3086066999241839]"
230.0 to 230.625,"[0, 0, 1, 0, 1, 0, 0, 0, 0, 0, 2, 0]",b-Minor,0.6172133998483675,"[-3.426222638094154e-17, -0.30860669992418377, -2.1413891488088462e-17, 0.3086066999241837, -6.852445276188307e-17, -0.30860669992418377, 0.3086066999241837, -3.426222638094154e-17, -0.30860669992418377, -1.713111319047077e-17, 0.6172133998483674, -0.30860669992418377, -1.713111319047077e-17, 0.3086066999241837, -3.426222638094154e-17, -0.30860669992418377, -1.713111319047077e-17, -1.713111319047077e-17, 0.3086066999241837, -3.426222638094154e-17, -0.30860669992418377, -0.30860669992418377, 0.6172133998483675, -0.30860669992418377]"
231.0 to 231.625,"[0, 0, 0, 0, 0, 2, 0, 0, 0, 2, 0, 0]",fMajor,0.7745966692414831,"[-0.2581988897471612, 0.25819888974716104, 0.25819888974716104, -0.2581988897471611, -0.2581988897471612, 0.7745966692414831, -0.2581988897471611, -0.2581988897471611, -0.2581988897471611, 0.25819888974716104, 0.25819888974716104, -0.2581988897471611, 0.25819888974716104, 0.25819888974716104, -0.2581988897471611, -0.2581988897471611, -0.25819888974716115, 0.7745966692414831, -0.2581988897471611, -0.25819888974716115, 0.25819888974716104, 0.25819888974716104, -0.2581988897471611, -0.25819888974716115]"
232.0 to 232.625,"[1, 0, 0, 0, 0, 1, 0, 0, 0, 2, 0, 0]",fMajor,0.9258200997725514,"[-1.713111319047077e-17, 0.0, 0.30860669992418377, -0.30860669992418377, -0.30860669992418377, 0.9258200997725514, -0.30860669992418377, -0.30860669992418377, -3.426222638094154e-17, 0.30860669992418377, -2.5696669785706156e-17, -0.30860669992418377, 0.6172133998483675, -1.713111319047077e-17, -0.30860669992418377, -2.5696669785706156e-17, -0.30860669992418377, 0.6172133998483675, -0.30860669992418377, -0.30860669992418377, 0.30860669992418377, 0.30860669992418377, -0.30860669992418377, -0.3086066999241839]"
233.0 to 233.625,"[1, 0, 1, 0, 0, 1, 0, 0, 0, 2, 0, 0]",fMajor,0.8268106308031117,"[-0.07516460280028286, -0.07516460280028288, 0.5261522196019801, -0.37582301400141443, -0.37582301400141443, 0.8268106308031117, -0.3758230140014143, -0.07516460280028285, -0.07516460280028285, 0.22549380840084865, 0.22549380840084865, -0.37582301400141443, 0.5261522196019801, -0.07516460280028286, -0.07516460280028285, -0.07516460280028285, -0.37582301400141443, 0.8268106308031117, -0.37582301400141443, -0.3758230140014143, 0.22549380840084862, 0.22549380840084865, -0.07516460280028285, -0.3758230140014143]"
234.0 to 234.625,"[0, 0, 0, 0, 0, 1, 0, 2, 0, 1, 1, 0]",e-Major,0.5261522196019802,"[0.22549380840084865, -0.07516460280028288, -0.07516460280028286, 0.5261522196019802, -0.3758230140014145, 0.2254938084008487, -0.07516460280028285, 0.22549380840084873, -0.3758230140014145, -0.07516460280028288, 0.22549380840084865, -0.3758230140014144, -0.07516460280028288, 0.22549380840084865, -0.3758230140014144, 0.22549380840084873, -0.3758230140014145, 0.22549380840084865, -0.07516460280028285, 0.2254938084008487, -0.07516460280028288, -0.07516460280028285, 0.5261522196019802, -0.3758230140014145]"
235.0 to 235.625,"[0, 0, 0, 0, 0, 1, 0, 2, 0, 0, 1, 0]",e-Major,0.6172133998483675,"[0.30860669992418377, -1.713111319047077e-17, -0.3086066999241839, 0.6172133998483675, -0.30860669992418377, -1.713111319047077e-17, -4.282778297617693e-17, 0.30860669992418377, -0.30860669992418377, -0.30860669992418377, 0.30860669992418377, -0.3086066999241839, -0.30860669992418377, 0.30860669992418377, -0.3086066999241839, 0.30860669992418377, -0.30860669992418377, -3.426222638094154e-17, -5.139333957141231e-17, 0.30860669992418377, -1.713111319047077e-17, -0.3086066999241839, 0.6172133998483675, -0.3086066999241839]"
236.0 to 236.625,"[2, 0, 0, 0, 2, 0, 0, 0, 0, 0, 0, 0]",cMajor,0.7745966692414831,"[0.7745966692414831, -0.25819888974716115, -0.25819888974716115, -0.2581988897471611, 0.25819888974716104, 0.25819888974716104, -0.2581988897471611, -0.2581988897471611, 0.25819888974716104, 0.25819888974716104, -0.2581988897471611, -0.2581988897471611, 0.7745966692414831, -0.2581988897471611, -0.2581988897471611, 0.25819888974716104, 0.25819888974716104, -0.2581988897471611, -0.2581988897471611, 0.25819888974716104, 0.25819888974716104, -0.2581988897471611, -0.2581988897471611, -0.25819888974716115]"
237.0 to 237.625,"[0, 0, 0, 0, 0, 2, 0, 1, 0, 0, 0, 0]",c#Major,0.4042260417272217,"[0.08084520834544433, 0.4042260417272217, -0.24253562503633297, 0.08084520834544433, -0.24253562503633297, 0.4042260417272217, -0.24253562503633297, 0.08084520834544433, -0.24253562503633297, -0.24253562503633297, 0.4042260417272217, -0.24253562503633297, -0.24253562503633297, 0.4042260417272217, -0.24253562503633297, 0.08084520834544433, -0.24253562503633297, 0.4042260417272217, -0.24253562503633297, 0.08084520834544433, 0.4042260417272217, -0.24253562503633297, 0.08084520834544433, -0.24253562503633297]"
238.0 to 238.5,"[0, 0, 0, 0, 0, 0, 0, 1, 0, 1, 0, 0]",cMajor,0.25819888974716115,"[0.25819888974716115, -0.25819888974716115, 0.25819888974716104, 0.2581988897471611, -0.25819888974716115, 0.2581988897471611, -0.25819888974716115, 0.2581988897471611, -0.25819888974716115, 0.2581988897471611, -0.25819888974716115, -0.25819888974716115, 0.2581988897471611, -0.25819888974716115, -0.25819888974716115, 0.2581988897471611, -0.25819888974716115, 0.2581988897471611, -0.25819888974716115, 0.2581988897471611, -0.25819888974716115, 0.2581988897471611, 0.2581988897471611, -0.25819888974716115]"
239.0 to 239.5,"[0, 0, 0, 0, 1, 1, 0, 0, 0, 0, 0, 0]",cMajor,0.25819888974716104,"[0.25819888974716104, 0.25819888974716104, -0.25819888974716115, -0.2581988897471611, 0.25819888974716104, 0.25819888974716104, -0.2581988897471611, -0.2581988897471611, -0.2581988897471611, 0.25819888974716104, 0.25819888974716104, -0.2581988897471611, 0.25819888974716104, 0.25819888974716104, -0.2581988897471611, -0.2581988897471611, 0.25819888974716104, 0.25819888974716104, -0.2581988897471611, 0.25819888974716104, 0.25819888974716104, -0.2581988897471611, -0.2581988897471611, -0.25819888974716115]"
240.0 to 240.625,"[0, 0, 1, 1, 0, 0, 2, 0, 0, 0, 0, 0]",dMajor,0.6172133998483675,"[-0.30860669992418377, -0.30860669992418377, 0.6172133998483675, -3.426222638094154e-17, -0.30860669992418377, -0.30860669992418377, 0.3086066999241837, -3.426222638094154e-17, -3.426222638094154e-17, -0.30860669992418377, -3.426222638094154e-17, 0.6172133998483674, -0.30860669992418377, -0.30860669992418377, 0.6172133998483674, -4.2827782976176925e-17, -0.30860669992418377, -3.426222638094154e-17, 0.6172133998483674, -0.30860669992418377, -0.30860669992418377, 0.3086066999241837, -3.426222638094154e-17, -3.426222638094154e-17]"
241.0 to 241.625,"[1, 0, 1, 0, 0, 0, 2, 0, 0, 0, 0, 0]",dMajor,0.6172133998483674,"[-3.426222638094154e-17, -0.30860669992418377, 0.6172133998483674, -0.30860669992418377, -0.30860669992418377, -3.426222638094154e-17, 0.3086066999241837, -3.426222638094154e-17, -3.426222638094154e-17, -0.30860669992418377, -2.5696669785706153e-17, 0.3086066999241837, -3.426222638094154e-17, -0.30860669992418377, 0.6172133998483674, -6.852445276188307e-17, -0.30860669992418377, -3.426222638094154e-17, 0.3086066999241837, -0.30860669992418377, -3.426222638094154e-17, 0.30860669992418377, -3.426222638094154e-17, -0.30860669992418377]"
242.0 to 242.625,"[0, 0, 0, 0, 0, 0, 2, 0, 0, 1, 1, 0]",dMajor,0.6172133998483675,"[-0.3086066999241839, -0.30860669992418377, 0.6172133998483675, -5.139333957141231e-17, -0.30860669992418377, -1.713111319047077e-17, 0.6172133998483675, -0.3086066999241839, -0.30860669992418377, -1.713111319047077e-17, -4.282778297617692e-18, 0.30860669992418377, -1.713111319047077e-17, -3.426222638094154e-17, 0.30860669992418377, -0.3086066999241839, -0.30860669992418377, 0.0, 0.6172133998483675, -0.3086066999241839, -0.30860669992418377, 0.6172133998483675, -5.139333957141231e-17, -0.30860669992418377]"
243.0 to 243.875,"[0, 0, 1, 0, 0, 0, 0, 3, 0, 0, 0, 0]",gMajor,0.6793662204867577,"[0.4529108136578383, -0.22645540682891918, 6.2854001678080746e-18, 0.45291081365783836, -0.22645540682891918, -0.22645540682891918, -0.22645540682891918, 0.6793662204867577, -0.22645540682891918, -0.22645540682891918, 1.2570800335616149e-17, -0.22645540682891918, -0.22645540682891918, -0.22645540682891918, 1.2570800335616149e-17, 0.45291081365783836, -0.22645540682891918, 1.2570800335616149e-17, -0.22645540682891918, 0.45291081365783836, -0.22645540682891918, -0.22645540682891918, 0.6793662204867577, -0.22645540682891918]"
244.0 to 244.625,"[1, 0, 1, 0, 0, 0, 0, 2, 0, 0, 0, 0]",cMajor,0.6172133998483675,"[0.6172133998483675, -0.30860669992418377, -2.9979448083323847e-17, 0.3086066999241837, -0.30860669992418377, -3.426222638094154e-17, -0.30860669992418377, 0.6172133998483674, -3.426222638094154e-17, -0.30860669992418377, -2.5696669785706153e-17, -0.30860669992418377, -3.426222638094154e-17, -0.30860669992418377, -3.426222638094154e-17, 0.6172133998483675, -0.30860669992418377, -3.426222638094154e-17, -0.30860669992418377, 0.3086066999241837, -3.426222638094154e-17, -0.30860669992418377, 0.6172133998483674, -0.30860669992418377]"
245.0 to 245.625,"[0, 0, 0, 0, 0, 0, 0, 2, 0, 1, 1, 0]",e-Major,0.6172133998483675,"[0.30860669992418377, -0.30860669992418377, -3.426222638094154e-17, 0.6172133998483675, -0.30860669992418377, -1.713111319047077e-17, -3.8545004678559234e-17, 0.30860669992418377, -0.30860669992418377, -1.713111319047077e-17, -4.282778297617692e-18, -0.3086066999241839, -1.713111319047077e-17, -3.426222638094154e-17, -0.3086066999241839, 0.30860669992418377, -0.30860669992418377, 0.0, -5.139333957141231e-17, 0.30860669992418377, -0.30860669992418377, -3.426222638094154e-17, 0.6172133998483675, -0.30860669992418377]"
246.0 to 246.625,"[0, 0, 0, 0, 0, 1, 0, 0, 2, 0, 0, 0]",c#Major,0.727606875108999,"[-0.24253562503633297, 0.727606875108999, -0.24253562503633297, -0.24253562503633297, 0.4042260417272217, 0.08084520834544433, -0.24253562503633297, -0.24253562503633297, 0.4042260417272217, -0.24253562503633297, 0.08084520834544433, -0.24253562503633297, -0.24253562503633297, 0.08084520834544433, -0.24253562503633297, -0.24253562503633297, 0.4042260417272217, 0.08084520834544433, -0.24253562503633297, -0.24253562503633297, 0.727606875108999, -0.24253562503633297, -0.24253562503633297, 0.4042260417272217]"
247.0 to 247.625,"[0, 0, 1, 0, 1, 0, 0, 0, 2, 0, 0, 0]",eMajor,0.6172133998483675,"[-2.5696669785706156e-17, 0.30860669992418377, -3.426222638094154e-17, -0.30860669992418377, 0.6172133998483675, -0.30860669992418377, -0.3086066999241839, -1.713111319047077e-17, 0.30860669992418377, -3.426222638094154e-17, -3.426222638094154e-17, -0.30860669992418377, -3.426222638094154e-17, -0.3086066999241839, -1.713111319047077e-17, -0.3086066999241839, 0.6172133998483675, -3.426222638094154e-17, -0.30860669992418377, -3.426222638094154e-17, 0.30860669992418377, -0.3086066999241839, -1.713111319047077e-17, 0.30860669992418377]"
248.0 to 248.625,"[0, 1, 0, 0, 0, 0, 0, 0, 2, 0, 0, 1]",c#Major,0.6172133998483675,"[-0.3086066999241839, 0.6172133998483675, -0.3086066999241839, -0.30860669992418377, 0.6172133998483675, -0.30860669992418377, -3.426222638094154e-17, -1.713111319047077e-17, 0.30860669992418377, -3.426222638094154e-17, -0.3086066999241839, -1.713111319047077e-17, -0.30860669992418377, -1.713111319047077e-17, -1.713111319047077e-17, -0.30860669992418377, 0.6172133998483675, -0.3086066999241839, -0.30860669992418377, -3.426222638094154e-17, 0.30860669992418377, -3.8545004678559234e-17, -0.30860669992418377, 0.6172133998483675]"
249.0 to 249.875,"[0, 0, 0, 0, 1, 0, 0, 0, 0, 3, 0, 0]",aMajor,0.6793662204867575,"[1.2570800335616149e-17, -0.22645540682891918, 0.4529108136578384, -0.22645540682891918, 0.0, 0.45291081365783836, -0.22645540682891918, -0.22645540682891918, -0.22645540682891918, 0.6793662204867575, -0.22645540682891918, -0.22645540682891918, 0.6793662204867575, -0.22645540682891915, -0.22645540682891918, -0.22645540682891918, 1.2570800335616149e-17, 0.45291081365783836, -0.22645540682891918, 6.2854001678080746e-18, -0.22645540682891918, 0.45291081365783836, -0.22645540682891918, -0.22645540682891918]"
250.0 to 250.625,"[0, 1, 1, 0, 0, 0, 0, 0, 0, 2, 0, 0]",dMajor,0.6172133998483675,"[-0.3086066999241839, -3.426222638094154e-17, 0.6172133998483675, -0.30860669992418377, -0.3086066999241839, 0.30860669992418377, -3.426222638094154e-17, -1.713111319047077e-17, -0.30860669992418377, 0.6172133998483675, -6.852445276188307e-17, -0.30860669992418377, 0.30860669992418377, -2.1413891488088465e-17, -1.713111319047077e-17, -0.30860669992418377, -3.426222638094154e-17, 0.6172133998483675, -0.30860669992418377, -0.3086066999241839, -0.30860669992418377, 0.6172133998483675, -1.713111319047077e-17, -0.3086066999241839]"
251.0 to 251.625,"[0, 0, 0, 0, 0, 0, 0, 0, 0, 2, 0, 1]",dMajor,0.4042260417272217,"[-0.24253562503633297, -0.24253562503633297, 0.4042260417272217, -0.24253562503633297, 0.08084520834544433, 0.4042260417272217, -0.24253562503633297, 0.08084520834544433, -0.24253562503633297, 0.4042260417272217, -0.24253562503633297, 0.08084520834544433, 0.4042260417272217, -0.24253562503633297, 0.08084520834544433, -0.24253562503633297, -0.24253562503633297, 0.4042260417272217, -0.24253562503633297, 0.08084520834544433, -0.24253562503633297, 0.4042260417272217, -0.24253562503633297, 0.08084520834544433]"
252.0 to 252.625,"[0, 0, 0, 0, 0, 0, 0, 2, 0, 0, 2, 0]",e-Major,0.7745966692414831,"[0.25819888974716104, -0.2581988897471611, -0.2581988897471612, 0.7745966692414831, -0.25819888974716115, -0.2581988897471611, 0.25819888974716104, 0.25819888974716104, -0.2581988897471611, -0.2581988897471611, 0.25819888974716104, -0.25819888974716115, -0.2581988897471611, 0.25819888974716104, -0.25819888974716115, 0.25819888974716104, -0.2581988897471611, -0.2581988897471611, 0.25819888974716104, 0.25819888974716104, -0.2581988897471611, -0.25819888974716115, 0.7745966692414831, -0.2581988897471611]"
253.0 to 253.625,"[0, 0, 0, 0, 1, 1, 0, 0, 0, 0, 2, 0]",b-Major,0.6172133998483675,"[-3.426222638094154e-17, -3.426222638094154e-17, -0.30860669992418377, 0.3086066999241837, -3.426222638094154e-17, -3.426222638094154e-17, 0.3086066999241837, -0.30860669992418377, -0.30860669992418377, -3.426222638094154e-17, 0.6172133998483675, -0.30860669992418377, -3.426222638094154e-17, 0.6172133998483674, -0.30860669992418377, -0.30860669992418377, -3.426222638094154e-17, -1.713111319047077e-17, 0.3086066999241837, -3.426222638094154e-17, -3.426222638094154e-17, -0.30860669992418377, 0.3086066999241837, -0.30860669992418377]"
254.0 to 254.5,"[0, 1, 1, 0, 0, 0, 0, 0, 0, 0, 2, 0]",f#Major,0.6172133998483675,"[-0.30860669992418377, -1.713111319047077e-17, -2.1413891488088462e-17, 0.3086066999241837, -0.30860669992418377, -0.30860669992418377, 0.6172133998483675, -3.426222638094154e-17, -0.30860669992418377, -1.713111319047077e-17, 0.6172133998483674, -0.30860669992418377, -0.30860669992418377, 0.6172133998483675, -3.426222638094154e-17, -0.30860669992418377, -1.713111319047077e-17, -3.426222638094154e-17, 0.3086066999241837, -0.30860669992418377, -0.30860669992418377, -6.852445276188307e-17, 0.6172133998483675, -0.30860669992418377]"
255.0 to 255.5,"[0, 0, 1, 0, 0, 1, 0, 0, 0, 2, 0, 0]",fMinor,0.9258200997725514,"[-0.3086066999241839, -3.426222638094154e-17, 0.6172133998483675, -0.30860669992418377, -0.3086066999241839, 0.6172133998483675, -0.3086066999241839, -1.713111319047077e-17, -0.30860669992418377, 0.30860669992418377, 0.30860669992418377, -0.30860669992418377, 0.30860669992418377, -2.1413891488088465e-17, -1.713111319047077e-17, -0.3086066999241839, -0.30860669992418377, 0.9258200997725514, -0.30860669992418377, -0.30860669992418377, -3.426222638094154e-17, 0.30860669992418377, -1.713111319047077e-17, -0.3086066999241839]"
256.0 to 256.625,"[0, 2, 0, 0, 1, 0, 0, 1, 0, 0, 0, 0]",aMajor,0.6172133998483675,"[0.30860669992418377, 0.30860669992418377, -0.3086066999241839, -3.426222638094154e-17, -2.1413891488088465e-17, -0.3086066999241839, 0.30860669992418377, -3.426222638094154e-17, -0.3086066999241839, 0.6172133998483675, -0.30860669992418377, -0.30860669992418377, -3.426222638094154e-17, 0.30860669992418377, -0.30860669992418377, -3.426222638094154e-17, 0.6172133998483675, -0.3086066999241839, -0.30860669992418377, 0.30860669992418377, -0.3086066999241839, 0.30860669992418377, -3.426222638094154e-17, -0.3086066999241839]"
257.0 to 257.625,"[0, 0, 3, 0, 0, 1, 0, 0, 0, 0, 0, 0]",b-Major,0.6793662204867575,"[-0.22645540682891918, 6.2854001678080746e-18, 0.45291081365783836, -0.22645540682891918, -0.22645540682891918, 6.2854001678080746e-18, -0.2264554068289192, 0.45291081365783836, -0.22645540682891918, -0.22645540682891918, 0.6793662204867575, -0.22645540682891918, -0.22645540682891918, 2.5141600671232298e-17, 0.45291081365783836, -0.22645540682891918, -0.22645540682891918, 0.6793662204867575, -0.22645540682891918, -0.22645540682891918, 6.2854001678080746e-18, -0.22645540682891918, 0.45291081365783836, -0.2264554068289192]"
258.0 to 258.625,"[0, 0, 0, 0, 1, 0, 0, 1, 0, 0, 2, 0]",e-Major,0.6172133998483675,"[0.30860669992418377, -0.30860669992418377, -0.3086066999241839, 0.6172133998483675, -6.852445276188307e-17, -0.30860669992418377, 0.30860669992418377, -3.426222638094154e-17, -0.3086066999241839, -1.713111319047077e-17, 0.30860669992418377, -0.30860669992418377, -1.713111319047077e-17, 0.30860669992418377, -0.30860669992418377, -2.5696669785706156e-17, -1.713111319047077e-17, -0.3086066999241839, 0.30860669992418377, 0.30860669992418377, -0.30860669992418377, -0.30860669992418377, 0.6172133998483675, -0.3086066999241839]"
259.0 to 259.625,"[0, 0, 0, 0, 0, 0, 0, 1, 0, 2, 0, 0]",dMajor,0.4042260417272217,"[0.08084520834544433, -0.24253562503633297, 0.4042260417272217, 0.08084520834544433, -0.24253562503633297, 0.4042260417272217, -0.24253562503633297, 0.08084520834544433, -0.24253562503633297, 0.4042260417272217, -0.24253562503633297, -0.24253562503633297, 0.4042260417272217, -0.24253562503633297, -0.24253562503633297, 0.08084520834544433, -0.24253562503633297, 0.4042260417272217, -0.24253562503633297, 0.08084520834544433, -0.24253562503633297, 0.4042260417272217, 0.08084520834544433, -0.24253562503633297]"
260.0 to 260.5,"[0, 2, 0, 0, 0, 0, 0, 0, 0, 2, 0, 0]",aMajor,0.7745966692414831,"[-0.2581988897471612, 0.25819888974716104, 0.25819888974716104, -0.2581988897471611, -0.2581988897471611, 0.25819888974716104, 0.25819888974716104, -0.2581988897471611, -0.2581988897471612, 0.7745966692414831, -0.2581988897471611, -0.2581988897471611, 0.25819888974716104, 0.25819888974716104, -0.2581988897471611, -0.25819888974716115, 0.25819888974716104, 0.25819888974716104, -0.2581988897471611, -0.2581988897471611, -0.25819888974716115, 0.7745966692414831, -0.2581988897471611, -0.25819888974716115]"
261.0 to 261.0,"[0, 0, 2, 0, 0, 0, 0, 0, 0, 0, 0, 0]",gMajor,0.5222329678670937,"[-0.17407765595569788, -0.17407765595569788, 0.5222329678670936, -0.17407765595569788, -0.17407765595569788, -0.17407765595569788, -0.17407765595569788, 0.5222329678670937, -0.17407765595569788, -0.17407765595569788, 0.5222329678670936, -0.17407765595569788, -0.17407765595569788, -0.17407765595569788, 0.5222329678670937, -0.17407765595569785, -0.17407765595569788, 0.5222329678670936, -0.17407765595569788, -0.17407765595569788, -0.17407765595569788, -0.17407765595569788, 0.5222329678670937, -0.17407765595569785]"
262.0 to 262.0,"[0, 0, 0, 0, 0, 0, 0, 0, 0, 1, 0, 0]",dMajor,0.5222329678670936,"[-0.17407765595569782, -0.17407765595569785, 0.5222329678670936, -0.17407765595569785, -0.17407765595569782, 0.5222329678670935, -0.17407765595569785, -0.17407765595569785, -0.17407765595569782, 0.5222329678670935, -0.17407765595569785, -0.17407765595569785, 0.5222329678670935, -0.17407765595569782, -0.17407765595569785, -0.17407765595569785, -0.17407765595569785, 0.5222329678670935, -0.17407765595569785, -0.17407765595569785, -0.17407765595569785, 0.5222329678670935, -0.17407765595569785, -0.17407765595569785]"
263.0 to 263.0,"[0, 0, 1, 0, 0, 0, 0, 0, 0, 0, 0, 0]",gMajor,0.5222329678670937,"[-0.17407765595569788, -0.17407765595569788, 0.5222329678670936, -0.17407765595569788, -0.17407765595569788, -0.17407765595569788, -0.17407765595569788, 0.5222329678670937, -0.17407765595569788, -0.17407765595569788, 0.5222329678670936, -0.17407765595569788, -0.17407765595569788, -0.17407765595569788, 0.5222329678670937, -0.17407765595569785, -0.17407765595569788, 0.5222329678670936, -0.17407765595569788, -0.17407765595569788, -0.17407765595569788, -0.17407765595569788, 0.5222329678670937, -0.17407765595569785]"
264.0 to 264.875,"[0, 0, 0, 0, 0, 3, 0, 0, 0, 0, 0, 0]",c#Major,0.5222329678670935,"[-0.17407765595569785, 0.5222329678670935, -0.17407765595569785, -0.17407765595569785, -0.17407765595569785, 0.5222329678670935, -0.17407765595569785, -0.17407765595569785, -0.17407765595569785, -0.17407765595569785, 0.5222329678670935, -0.17407765595569785, -0.17407765595569785, 0.5222329678670935, -0.17407765595569785, -0.17407765595569785, -0.17407765595569785, 0.5222329678670935, -0.17407765595569785, -0.17407765595569785, 0.5222329678670935, -0.17407765595569785, -0.17407765595569785, -0.17407765595569785]"
265.0 to 265.625,"[0, 0, 0, 0, 0, 2, 0, 1, 0, 1, 0, 0]",fMajor,0.6172133998483675,"[-6.852445276188307e-17, 0.30860669992418377, -3.426222638094154e-17, -1.713111319047077e-17, -0.3086066999241839, 0.6172133998483675, -0.30860669992418377, -1.713111319047077e-17, -0.3086066999241839, -5.139333957141231e-17, 0.30860669992418377, -0.30860669992418377, -5.139333957141231e-17, 0.30860669992418377, -0.30860669992418377, 0.0, -0.3086066999241839, 0.6172133998483675, -0.30860669992418377, -6.852445276188307e-17, 0.30860669992418377, 8.565556595235384e-18, -1.713111319047077e-17, -0.30860669992418377]"
266.0 to 266.625,"[0, 0, 0, 0, 0, 2, 0, 0, 0, 1, 1, 0]",fMajor,0.6172133998483675,"[-0.3086066999241839, 0.30860669992418377, -3.426222638094154e-17, -1.713111319047077e-17, -0.30860669992418377, 0.6172133998483675, 0.0, -0.30860669992418377, -0.3086066999241839, -5.139333957141231e-17, 0.6172133998483675, -0.30860669992418377, -5.139333957141231e-17, 0.6172133998483675, -0.30860669992418377, -0.30860669992418377, -0.3086066999241839, 0.6172133998483675, -1.713111319047077e-17, -0.3086066999241839, 0.30860669992418377, -4.282778297617692e-18, -1.713111319047077e-17, -0.30860669992418377]"
267.0 to 267.875,"[1, 0, 0, 2, 0, 1, 0, 0, 0, 0, 0, 0]",g#Major,0.6172133998483675,"[0.0, -1.713111319047077e-17, -0.3086066999241839, 0.30860669992418377, -0.30860669992418377, 0.30860669992418377, -0.30860669992418377, -0.3086066999241839, 0.6172133998483675, -0.30860669992418377, -3.426222638094154e-17, 0.30860669992418377, -1.713111319047077e-17, 0.0, -0.3086066999241839, 0.6172133998483675, -0.30860669992418377, -5.139333957141231e-17, 0.30860669992418377, -0.30860669992418377, 0.30860669992418377, -0.30860669992418377, -0.3086066999241839, 0.30860669992418377]"
268.0 to 268.625,"[0, 0, 0, 2, 0, 1, 0, 1, 0, 0, 0, 0]",e-Major,0.6172133998483675,"[-3.426222638094154e-17, -3.426222638094154e-17, -0.3086066999241839, 0.6172133998483675, -0.3086066999241839, -3.426222638094154e-17, -0.3086066999241839, -3.426222638094154e-17, 0.30860669992418377, -0.30860669992418377, -3.426222638094154e-17, 0.30860669992418377, -0.30860669992418377, -3.426222638094154e-17, -0.3086066999241839, 0.6172133998483675, -0.30860669992418377, -6.852445276188307e-17, 0.30860669992418377, -8.565556595235384e-18, -3.426222638094154e-17, -0.30860669992418377, -3.426222638094154e-17, 0.30860669992418377]"
269.0 to 269.625,"[0, 0, 0, 2, 0, 0, 0, 1, 0, 1, 0, 0]",e-Major,0.6172133998483675,"[-3.426222638094154e-17, -0.30860669992418377, -3.426222638094154e-17, 0.6172133998483675, -0.3086066999241839, -3.426222638094154e-17, -0.3086066999241839, -3.426222638094154e-17, 0.30860669992418377, -3.426222638094154e-17, -0.3086066999241839, 0.30860669992418377, -3.426222638094154e-17, -0.3086066999241839, -0.3086066999241839, 0.6172133998483675, -0.30860669992418377, -3.426222638094154e-17, 0.30860669992418377, -2.1413891488088465e-17, -0.30860669992418377, 0.0, -3.426222638094154e-17, 0.30860669992418377]"
270.0 to 270.875,"[0, 0, 2, 0, 0, 0, 0, 0, 0, 0, 1, 0]",b-Major,0.727606875108999,"[-0.24253562503633297, -0.24253562503633297, 0.4042260417272217, 0.08084520834544433, -0.24253562503633297, -0.24253562503633297, 0.08084520834544433, 0.4042260417272217, -0.24253562503633297, -0.24253562503633297, 0.727606875108999, -0.24253562503633297, -0.24253562503633297, 0.08084520834544433, 0.4042260417272217, -0.24253562503633297, -0.24253562503633297, 0.4042260417272217, 0.08084520834544433, -0.24253562503633297, -0.24253562503633297, -0.24253562503633297, 0.727606875108999, -0.24253562503633297]"
271.0 to 271.625,"[1, 0, 2, 0, 0, 0, 0, 0, 0, 0, 0, 0]",dMajor,0.4042260417272217,"[0.08084520834544433, -0.24253562503633297, 0.4042260417272217, -0.24253562503633297, -0.24253562503633297, 0.08084520834544433, -0.24253562503633297, 0.4042260417272217, 0.08084520834544433, -0.24253562503633297, 0.4042260417272217, -0.24253562503633297, 0.08084520834544433, -0.24253562503633297, 0.4042260417272217, 0.08084520834544433, -0.24253562503633297, 0.4042260417272217, -0.24253562503633297, -0.24253562503633297, 0.08084520834544433, -0.24253562503633297, 0.4042260417272217, -0.24253562503633297]"
272.0 to 272.625,"[0, 0, 2, 0, 1, 0, 0, 0, 0, 0, 0, 0]",dMajor,0.4042260417272217,"[0.08084520834544433, -0.24253562503633297, 0.4042260417272217, -0.24253562503633297, 0.08084520834544433, -0.24253562503633297, -0.24253562503633297, 0.4042260417272217, -0.24253562503633297, 0.08084520834544433, 0.4042260417272217, -0.24253562503633297, 0.08084520834544433, -0.24253562503633297, 0.4042260417272217, -0.24253562503633297, 0.08084520834544433, 0.4042260417272217, -0.24253562503633297, 0.08084520834544433, -0.24253562503633297, -0.24253562503633297, 0.4042260417272217, -0.24253562503633297]"
273.0 to 273.875,"[2, 0, 0, 0, 0, 0, 1, 0, 0, 1, 0, 0]",fMajor,0.6172133998483675,"[0.30860669992418377, -0.3086066999241839, 0.30860669992418377, -0.30860669992418377, -0.3086066999241839, 0.6172133998483675, -6.852445276188307e-17, -0.30860669992418377, 0.30860669992418377, -5.139333957141231e-17, -0.30860669992418377, -1.713111319047077e-17, 0.6172133998483675, -0.3086066999241839, -1.713111319047077e-17, 0.30860669992418377, -0.3086066999241839, -8.565556595235384e-18, -1.713111319047077e-17, -0.30860669992418377, 0.30860669992418377, 0.30860669992418377, -0.30860669992418377, -0.30860669992418377]"
274.0 to 274.625,"[2, 0, 1, 0, 0, 0, 1, 0, 0, 0, 0, 0]",cMajor,0.30860669992418377,"[0.30860669992418377, -0.3086066999241839, 0.30860669992418377, -0.30860669992418377, -0.30860669992418377, 0.30860669992418377, -5.139333957141231e-17, -1.713111319047077e-17, 0.30860669992418377, -0.3086066999241839, -1.713111319047077e-17, -1.713111319047077e-17, 0.30860669992418377, -0.3086066999241839, 0.30860669992418377, 0.30860669992418377, -0.3086066999241839, -3.426222638094154e-17, -1.713111319047077e-17, -0.30860669992418377, 0.30860669992418377, -3.426222638094154e-17, -1.713111319047077e-17, -0.30860669992418377]"
275.0 to 275.625,"[2, 0, 0, 0, 1, 0, 1, 0, 0, 0, 0, 0]",cMajor,0.6172133998483675,"[0.6172133998483675, -0.3086066999241839, -3.426222638094154e-17, -0.30860669992418377, -2.1413891488088465e-17, 0.30860669992418377, -6.852445276188307e-17, -0.30860669992418377, 0.30860669992418377, -3.426222638094154e-17, -0.30860669992418377, -3.426222638094154e-17, 0.6172133998483675, -0.3086066999241839, -3.426222638094154e-17, 0.30860669992418377, -3.426222638094154e-17, -0.3086066999241839, -3.426222638094154e-17, -1.713111319047077e-17, 0.30860669992418377, -3.426222638094154e-17, -0.30860669992418377, -0.3086066999241839]"
276.0 to 276.875,"[0, 0, 0, 0, 0, 0, 0, 1, 0, 0, 2, 0]",e-Major,0.727606875108999,"[0.08084520834544433, -0.24253562503633297, -0.24253562503633297, 0.727606875108999, -0.24253562503633297, -0.24253562503633297, 0.4042260417272217, 0.08084520834544433, -0.24253562503633297, -0.24253562503633297, 0.4042260417272217, -0.24253562503633297, -0.24253562503633297, 0.4042260417272217, -0.24253562503633297, 0.08084520834544433, -0.24253562503633297, -0.24253562503633297, 0.4042260417272217, 0.08084520834544433, -0.24253562503633297, -0.24253562503633297, 0.727606875108999, -0.24253562503633297]"
277.0 to 277.625,"[1, 0, 0, 0, 0, 0, 0, 1, 0, 0, 2, 0]",e-Major,0.6172133998483675,"[0.30860669992418377, -0.30860669992418377, -0.3086066999241839, 0.6172133998483675, -0.3086066999241839, -1.713111319047077e-17, 0.30860669992418377, -3.426222638094154e-17, -6.852445276188307e-17, -0.30860669992418377, 0.30860669992418377, -0.30860669992418377, -1.713111319047077e-17, 0.30860669992418377, -0.30860669992418377, 0.30860669992418377, -0.30860669992418377, -0.3086066999241839, 0.30860669992418377, -4.282778297617693e-17, -1.713111319047077e-17, -0.30860669992418377, 0.6172133998483675, -0.3086066999241839]"
278.0 to 278.625,"[0, 0, 1, 0, 1, 0, 0, 0, 0, 0, 2, 0]",b-Minor,0.6172133998483675,"[-3.426222638094154e-17, -0.30860669992418377, -2.1413891488088462e-17, 0.3086066999241837, -6.852445276188307e-17, -0.30860669992418377, 0.3086066999241837, -3.426222638094154e-17, -0.30860669992418377, -1.713111319047077e-17, 0.6172133998483674, -0.30860669992418377, -1.713111319047077e-17, 0.3086066999241837, -3.426222638094154e-17, -0.30860669992418377, -1.713111319047077e-17, -1.713111319047077e-17, 0.3086066999241837, -3.426222638094154e-17, -0.30860669992418377, -0.30860669992418377, 0.6172133998483675, -0.30860669992418377]"
279.0 to 279.625,"[0, 0, 0, 0, 0, 2, 0, 0, 0, 2, 0, 0]",fMajor,0.7745966692414831,"[-0.2581988897471612, 0.25819888974716104, 0.25819888974716104, -0.2581988897471611, -0.2581988897471612, 0.7745966692414831, -0.2581988897471611, -0.2581988897471611, -0.2581988897471611, 0.25819888974716104, 0.25819888974716104, -0.2581988897471611, 0.25819888974716104, 0.25819888974716104, -0.2581988897471611, -0.2581988897471611, -0.25819888974716115, 0.7745966692414831, -0.2581988897471611, -0.25819888974716115, 0.25819888974716104, 0.25819888974716104, -0.2581988897471611, -0.25819888974716115]"
280.0 to 280.625,"[1, 0, 0, 0, 0, 1, 0, 0, 0, 2, 0, 0]",fMajor,0.9258200997725514,"[-1.713111319047077e-17, 0.0, 0.30860669992418377, -0.30860669992418377, -0.30860669992418377, 0.9258200997725514, -0.30860669992418377, -0.30860669992418377, -3.426222638094154e-17, 0.30860669992418377, -2.5696669785706156e-17, -0.30860669992418377, 0.6172133998483675, -1.713111319047077e-17, -0.30860669992418377, -2.5696669785706156e-17, -0.30860669992418377, 0.6172133998483675, -0.30860669992418377, -0.30860669992418377, 0.30860669992418377, 0.30860669992418377, -0.30860669992418377, -0.3086066999241839]"
281.0 to 281.625,"[1, 0, 1, 0, 0, 1, 0, 0, 0, 2, 0, 0]",fMajor,0.8268106308031117,"[-0.07516460280028286, -0.07516460280028288, 0.5261522196019801, -0.37582301400141443, -0.37582301400141443, 0.8268106308031117, -0.3758230140014143, -0.07516460280028285, -0.07516460280028285, 0.22549380840084865, 0.22549380840084865, -0.37582301400141443, 0.5261522196019801, -0.07516460280028286, -0.07516460280028285, -0.07516460280028285, -0.37582301400141443, 0.8268106308031117, -0.37582301400141443, -0.3758230140014143, 0.22549380840084862, 0.22549380840084865, -0.07516460280028285, -0.3758230140014143]"
282.0 to 282.625,"[0, 0, 0, 0, 0, 1, 0, 2, 0, 1, 1, 0]",e-Major,0.5261522196019802,"[0.22549380840084865, -0.07516460280028288, -0.07516460280028286, 0.5261522196019802, -0.3758230140014145, 0.2254938084008487, -0.07516460280028285, 0.22549380840084873, -0.3758230140014145, -0.07516460280028288, 0.22549380840084865, -0.3758230140014144, -0.07516460280028288, 0.22549380840084865, -0.3758230140014144, 0.22549380840084873, -0.3758230140014145, 0.22549380840084865, -0.07516460280028285, 0.2254938084008487, -0.07516460280028288, -0.07516460280028285, 0.5261522196019802, -0.3758230140014145]"
283.0 to 283.625,"[0, 0, 0, 0, 0, 1, 0, 2, 0, 0, 1, 0]",e-Major,0.6172133998483675,"[0.30860669992418377, -1.713111319047077e-17, -0.3086066999241839, 0.6172133998483675, -0.30860669992418377, -1.713111319047077e-17, -4.282778297617693e-17, 0.30860669992418377, -0.30860669992418377, -0.30860669992418377, 0.30860669992418377, -0.3086066999241839, -0.30860669992418377, 0.30860669992418377, -0.3086066999241839, 0.30860669992418377, -0.30860669992418377, -3.426222638094154e-17, -5.139333957141231e-17, 0.30860669992418377, -1.713111319047077e-17, -0.3086066999241839, 0.6172133998483675, -0.3086066999241839]"
284.0 to 284.625,"[2, 0, 0, 0, 2, 0, 0, 0, 0, 0, 0, 0]",cMajor,0.7745966692414831,"[0.7745966692414831, -0.25819888974716115, -0.25819888974716115, -0.2581988897471611, 0.25819888974716104, 0.25819888974716104, -0.2581988897471611, -0.2581988897471611, 0.25819888974716104, 0.25819888974716104, -0.2581988897471611, -0.2581988897471611, 0.7745966692414831, -0.2581988897471611, -0.2581988897471611, 0.25819888974716104, 0.25819888974716104, -0.2581988897471611, -0.2581988897471611, 0.25819888974716104, 0.25819888974716104, -0.2581988897471611, -0.2581988897471611, -0.25819888974716115]"
285.0 to 285.625,"[0, 0, 0, 0, 0, 2, 0, 1, 0, 0, 0, 0]",c#Major,0.4042260417272217,"[0.08084520834544433, 0.4042260417272217, -0.24253562503633297, 0.08084520834544433, -0.24253562503633297, 0.4042260417272217, -0.24253562503633297, 0.08084520834544433, -0.24253562503633297, -0.24253562503633297, 0.4042260417272217, -0.24253562503633297, -0.24253562503633297, 0.4042260417272217, -0.24253562503633297, 0.08084520834544433, -0.24253562503633297, 0.4042260417272217, -0.24253562503633297, 0.08084520834544433, 0.4042260417272217, -0.24253562503633297, 0.08084520834544433, -0.24253562503633297]"
286.0 to 286.5,"[0, 0, 0, 0, 0, 0, 0, 1, 0, 1, 0, 0]",cMajor,0.25819888974716115,"[0.25819888974716115, -0.25819888974716115, 0.25819888974716104, 0.2581988897471611, -0.25819888974716115, 0.2581988897471611, -0.25819888974716115, 0.2581988897471611, -0.25819888974716115, 0.2581988897471611, -0.25819888974716115, -0.25819888974716115, 0.2581988897471611, -0.25819888974716115, -0.25819888974716115, 0.2581988897471611, -0.25819888974716115, 0.2581988897471611, -0.25819888974716115, 0.2581988897471611, -0.25819888974716115, 0.2581988897471611, 0.2581988897471611, -0.25819888974716115]"
287.0 to 287.5,"[0, 0, 0, 0, 1, 1, 0, 0, 0, 0, 0, 0]",cMajor,0.25819888974716104,"[0.25819888974716104, 0.25819888974716104, -0.25819888974716115, -0.2581988897471611, 0.25819888974716104, 0.25819888974716104, -0.2581988897471611, -0.2581988897471611, -0.2581988897471611, 0.25819888974716104, 0.25819888974716104, -0.2581988897471611, 0.25819888974716104, 0.25819888974716104, -0.2581988897471611, -0.2581988897471611, 0.25819888974716104, 0.25819888974716104, -0.2581988897471611, 0.25819888974716104, 0.25819888974716104, -0.2581988897471611, -0.2581988897471611, -0.25819888974716115]"
288.0 to 288.625,"[0, 0, 1, 1, 0, 0, 2, 0, 0, 0, 0, 0]",dMajor,0.6172133998483675,"[-0.30860669992418377, -0.30860669992418377, 0.6172133998483675, -3.426222638094154e-17, -0.30860669992418377, -0.30860669992418377, 0.3086066999241837, -3.426222638094154e-17, -3.426222638094154e-17, -0.30860669992418377, -3.426222638094154e-17, 0.6172133998483674, -0.30860669992418377, -0.30860669992418377, 0.6172133998483674, -4.2827782976176925e-17, -0.30860669992418377, -3.426222638094154e-17, 0.6172133998483674, -0.30860669992418377, -0.30860669992418377, 0.3086066999241837, -3.426222638094154e-17, -3.426222638094154e-17]"
289.0 to 289.625,"[1, 0, 1, 0, 0, 0, 2, 0, 0, 0, 0, 0]",dMajor,0.6172133998483674,"[-3.426222638094154e-17, -0.30860669992418377, 0.6172133998483674, -0.30860669992418377, -0.30860669992418377, -3.426222638094154e-17, 0.3086066999241837, -3.426222638094154e-17, -3.426222638094154e-17, -0.30860669992418377, -2.5696669785706153e-17, 0.3086066999241837, -3.426222638094154e-17, -0.30860669992418377, 0.6172133998483674, -6.852445276188307e-17, -0.30860669992418377, -3.426222638094154e-17, 0.3086066999241837, -0.30860669992418377, -3.426222638094154e-17, 0.30860669992418377, -3.426222638094154e-17, -0.30860669992418377]"
290.0 to 290.625,"[0, 0, 0, 0, 0, 0, 2, 0, 0, 1, 1, 0]",dMajor,0.6172133998483675,"[-0.3086066999241839, -0.30860669992418377, 0.6172133998483675, -5.139333957141231e-17, -0.30860669992418377, -1.713111319047077e-17, 0.6172133998483675, -0.3086066999241839, -0.30860669992418377, -1.713111319047077e-17, -4.282778297617692e-18, 0.30860669992418377, -1.713111319047077e-17, -3.426222638094154e-17, 0.30860669992418377, -0.3086066999241839, -0.30860669992418377, 0.0, 0.6172133998483675, -0.3086066999241839, -0.30860669992418377, 0.6172133998483675, -5.139333957141231e-17, -0.30860669992418377]"
291.0 to 291.875,"[0, 0, 1, 0, 0, 0, 0, 3, 0, 0, 0, 0]",gMajor,0.6793662204867577,"[0.4529108136578383, -0.22645540682891918, 6.2854001678080746e-18, 0.45291081365783836, -0.22645540682891918, -0.22645540682891918, -0.22645540682891918, 0.6793662204867577, -0.22645540682891918, -0.22645540682891918, 1.2570800335616149e-17, -0.22645540682891918, -0.22645540682891918, -0.22645540682891918, 1.2570800335616149e-17, 0.45291081365783836, -0.22645540682891918, 1.2570800335616149e-17, -0.22645540682891918, 0.45291081365783836, -0.22645540682891918, -0.22645540682891918, 0.6793662204867577, -0.22645540682891918]"
292.0 to 292.625,"[1, 0, 1, 0, 0, 0, 0, 2, 0, 0, 0, 0]",cMajor,0.6172133998483675,"[0.6172133998483675, -0.30860669992418377, -2.9979448083323847e-17, 0.3086066999241837, -0.30860669992418377, -3.426222638094154e-17, -0.30860669992418377, 0.6172133998483674, -3.426222638094154e-17, -0.30860669992418377, -2.5696669785706153e-17, -0.30860669992418377, -3.426222638094154e-17, -0.30860669992418377, -3.426222638094154e-17, 0.6172133998483675, -0.30860669992418377, -3.426222638094154e-17, -0.30860669992418377, 0.3086066999241837, -3.426222638094154e-17, -0.30860669992418377, 0.6172133998483674, -0.30860669992418377]"
293.0 to 293.625,"[0, 0, 0, 0, 0, 0, 0, 2, 0, 1, 1, 0]",e-Major,0.6172133998483675,"[0.30860669992418377, -0.30860669992418377, -3.426222638094154e-17, 0.6172133998483675, -0.30860669992418377, -1.713111319047077e-17, -3.8545004678559234e-17, 0.30860669992418377, -0.30860669992418377, -1.713111319047077e-17, -4.282778297617692e-18, -0.3086066999241839, -1.713111319047077e-17, -3.426222638094154e-17, -0.3086066999241839, 0.30860669992418377, -0.30860669992418377, 0.0, -5.139333957141231e-17, 0.30860669992418377, -0.30860669992418377, -3.426222638094154e-17, 0.6172133998483675, -0.30860669992418377]"
294.0 to 294.625,"[0, 0, 0, 0, 0, 1, 0, 0, 2, 0, 0, 0]",c#Major,0.727606875108999,"[-0.24253562503633297, 0.727606875108999, -0.24253562503633297, -0.24253562503633297, 0.4042260417272217, 0.08084520834544433, -0.24253562503633297, -0.24253562503633297, 0.4042260417272217, -0.24253562503633297, 0.08084520834544433, -0.24253562503633297, -0.24253562503633297, 0.08084520834544433, -0.24253562503633297, -0.24253562503633297, 0.4042260417272217, 0.08084520834544433, -0.24253562503633297, -0.24253562503633297, 0.727606875108999, -0.24253562503633297, -0.24253562503633297, 0.4042260417272217]"
295.0 to 295.625,"[0, 0, 1, 0, 1, 0, 0, 0, 2, 0, 0, 0]",eMajor,0.6172133998483675,"[-2.5696669785706156e-17, 0.30860669992418377, -3.426222638094154e-17, -0.30860669992418377, 0.6172133998483675, -0.30860669992418377, -0.3086066999241839, -1.713111319047077e-17, 0.30860669992418377, -3.426222638094154e-17, -3.426222638094154e-17, -0.30860669992418377, -3.426222638094154e-17, -0.3086066999241839, -1.713111319047077e-17, -0.3086066999241839, 0.6172133998483675, -3.426222638094154e-17, -0.30860669992418377, -3.426222638094154e-17, 0.30860669992418377, -0.3086066999241839, -1.713111319047077e-17, 0.30860669992418377]"
296.0 to 296.625,"[0, 1, 0, 0, 0, 0, 0, 0, 2, 0, 0, 1]",c#Major,0.6172133998483675,"[-0.3086066999241839, 0.6172133998483675, -0.3086066999241839, -0.30860669992418377, 0.6172133998483675, -0.30860669992418377, -3.426222638094154e-17, -1.713111319047077e-17, 0.30860669992418377, -3.426222638094154e-17, -0.3086066999241839, -1.713111319047077e-17, -0.30860669992418377, -1.713111319047077e-17, -1.713111319047077e-17, -0.30860669992418377, 0.6172133998483675, -0.3086066999241839, -0.30860669992418377, -3.426222638094154e-17, 0.30860669992418377, -3.8545004678559234e-17, -0.30860669992418377, 0.6172133998483675]"
297.0 to 297.875,"[0, 0, 0, 0, 1, 0, 0, 0, 0, 3, 0, 0]",aMajor,0.6793662204867575,"[1.2570800335616149e-17, -0.22645540682891918, 0.4529108136578384, -0.22645540682891918, 0.0, 0.45291081365783836, -0.22645540682891918, -0.22645540682891918, -0.22645540682891918, 0.6793662204867575, -0.22645540682891918, -0.22645540682891918, 0.6793662204867575, -0.22645540682891915, -0.22645540682891918, -0.22645540682891918, 1.2570800335616149e-17, 0.45291081365783836, -0.22645540682891918, 6.2854001678080746e-18, -0.22645540682891918, 0.45291081365783836, -0.22645540682891918, -0.22645540682891918]"
298.0 to 298.625,"[0, 1, 1, 0, 0, 0, 0, 0, 0, 2, 0, 0]",dMajor,0.6172133998483675,"[-0.3086066999241839, -3.426222638094154e-17, 0.6172133998483675, -0.30860669992418377, -0.3086066999241839, 0.30860669992418377, -3.426222638094154e-17, -1.713111319047077e-17, -0.30860669992418377, 0.6172133998483675, -6.852445276188307e-17, -0.30860669992418377, 0.30860669992418377, -2.1413891488088465e-17, -1.713111319047077e-17, -0.30860669992418377, -3.426222638094154e-17, 0.6172133998483675, -0.30860669992418377, -0.3086066999241839, -0.30860669992418377, 0.6172133998483675, -1.713111319047077e-17, -0.3086066999241839]"
299.0 to 299.625,"[0, 0, 0, 0, 0, 0, 0, 0, 0, 2, 0, 1]",dMajor,0.4042260417272217,"[-0.24253562503633297, -0.24253562503633297, 0.4042260417272217, -0.24253562503633297, 0.08084520834544433, 0.4042260417272217, -0.24253562503633297, 0.08084520834544433, -0.24253562503633297, 0.4042260417272217, -0.24253562503633297, 0.08084520834544433, 0.4042260417272217, -0.24253562503633297, 0.08084520834544433, -0.24253562503633297, -0.24253562503633297, 0.4042260417272217, -0.24253562503633297, 0.08084520834544433, -0.24253562503633297, 0.4042260417272217, -0.24253562503633297, 0.08084520834544433]"
300.0 to 300.625,"[0, 0, 0, 0, 0, 0, 0, 2, 0, 0, 2, 0]",e-Major,0.7745966692414831,"[0.25819888974716104, -0.2581988897471611, -0.2581988897471612, 0.7745966692414831, -0.25819888974716115, -0.2581988897471611, 0.25819888974716104, 0.25819888974716104, -0.2581988897471611, -0.2581988897471611, 0.25819888974716104, -0.25819888974716115, -0.2581988897471611, 0.25819888974716104, -0.25819888974716115, 0.25819888974716104, -0.2581988897471611, -0.2581988897471611, 0.25819888974716104, 0.25819888974716104, -0.2581988897471611, -0.25819888974716115, 0.7745966692414831, -0.2581988897471611]"
301.0 to 301.625,"[0, 0, 0, 0, 1, 1, 0, 0, 0, 0, 2, 0]",b-Major,0.6172133998483675,"[-3.426222638094154e-17, -3.426222638094154e-17, -0.30860669992418377, 0.3086066999241837, -3.426222638094154e-17, -3.426222638094154e-17, 0.3086066999241837, -0.30860669992418377, -0.30860669992418377, -3.426222638094154e-17, 0.6172133998483675, -0.30860669992418377, -3.426222638094154e-17, 0.6172133998483674, -0.30860669992418377, -0.30860669992418377, -3.426222638094154e-17, -1.713111319047077e-17, 0.3086066999241837, -3.426222638094154e-17, -3.426222638094154e-17, -0.30860669992418377, 0.3086066999241837, -0.30860669992418377]"
302.0 to 302.5,"[0, 1, 1, 0, 0, 0, 0, 0, 0, 0, 2, 0]",f#Major,0.6172133998483675,"[-0.30860669992418377, -1.713111319047077e-17, -2.1413891488088462e-17, 0.3086066999241837, -0.30860669992418377, -0.30860669992418377, 0.6172133998483675, -3.426222638094154e-17, -0.30860669992418377, -1.713111319047077e-17, 0.6172133998483674, -0.30860669992418377, -0.30860669992418377, 0.6172133998483675, -3.426222638094154e-17, -0.30860669992418377, -1.713111319047077e-17, -3.426222638094154e-17, 0.3086066999241837, -0.30860669992418377, -0.30860669992418377, -6.852445276188307e-17, 0.6172133998483675, -0.30860669992418377]"
303.0 to 303.5,"[0, 0, 1, 0, 0, 1, 0, 0, 0, 2, 0, 0]",fMinor,0.9258200997725514,"[-0.3086066999241839, -3.426222638094154e-17, 0.6172133998483675, -0.30860669992418377, -0.3086066999241839, 0.6172133998483675, -0.3086066999241839, -1.713111319047077e-17, -0.30860669992418377, 0.30860669992418377, 0.30860669992418377, -0.30860669992418377, 0.30860669992418377, -2.1413891488088465e-17, -1.713111319047077e-17, -0.3086066999241839, -0.30860669992418377, 0.9258200997725514, -0.30860669992418377, -0.30860669992418377, -3.426222638094154e-17, 0.30860669992418377, -1.713111319047077e-17, -0.3086066999241839]"
304.0 to 304.625,"[0, 2, 0, 0, 1, 0, 0, 1, 0, 0, 0, 0]",aMajor,0.6172133998483675,"[0.30860669992418377, 0.30860669992418377, -0.3086066999241839, -3.426222638094154e-17, -2.1413891488088465e-17, -0.3086066999241839, 0.30860669992418377, -3.426222638094154e-17, -0.3086066999241839, 0.6172133998483675, -0.30860669992418377, -0.30860669992418377, -3.426222638094154e-17, 0.30860669992418377, -0.30860669992418377, -3.426222638094154e-17, 0.6172133998483675, -0.3086066999241839, -0.30860669992418377, 0.30860669992418377, -0.3086066999241839, 0.30860669992418377, -3.426222638094154e-17, -0.3086066999241839]"
305.0 to 305.625,"[0, 0, 3, 0, 0, 1, 0, 0, 0, 0, 0, 0]",b-Major,0.6793662204867575,"[-0.22645540682891918, 6.2854001678080746e-18, 0.45291081365783836, -0.22645540682891918, -0.22645540682891918, 6.2854001678080746e-18, -0.2264554068289192, 0.45291081365783836, -0.22645540682891918, -0.22645540682891918, 0.6793662204867575, -0.22645540682891918, -0.22645540682891918, 2.5141600671232298e-17, 0.45291081365783836, -0.22645540682891918, -0.22645540682891918, 0.6793662204867575, -0.22645540682891918, -0.22645540682891918, 6.2854001678080746e-18, -0.22645540682891918, 0.45291081365783836, -0.2264554068289192]"
306.0 to 306.625,"[0, 0, 0, 0, 1, 0, 0, 1, 0, 0, 2, 0]",e-Major,0.6172133998483675,"[0.30860669992418377, -0.30860669992418377, -0.3086066999241839, 0.6172133998483675, -6.852445276188307e-17, -0.30860669992418377, 0.30860669992418377, -3.426222638094154e-17, -0.3086066999241839, -1.713111319047077e-17, 0.30860669992418377, -0.30860669992418377, -1.713111319047077e-17, 0.30860669992418377, -0.30860669992418377, -2.5696669785706156e-17, -1.713111319047077e-17, -0.3086066999241839, 0.30860669992418377, 0.30860669992418377, -0.30860669992418377, -0.30860669992418377, 0.6172133998483675, -0.3086066999241839]"
307.0 to 307.625,"[0, 0, 0, 0, 0, 0, 0, 1, 0, 2, 0, 0]",dMajor,0.4042260417272217,"[0.08084520834544433, -0.24253562503633297, 0.4042260417272217, 0.08084520834544433, -0.24253562503633297, 0.4042260417272217, -0.24253562503633297, 0.08084520834544433, -0.24253562503633297, 0.4042260417272217, -0.24253562503633297, -0.24253562503633297, 0.4042260417272217, -0.24253562503633297, -0.24253562503633297, 0.08084520834544433, -0.24253562503633297, 0.4042260417272217, -0.24253562503633297, 0.08084520834544433, -0.24253562503633297, 0.4042260417272217, 0.08084520834544433, -0.24253562503633297]"
308.0 to 308.5,"[0, 2, 0, 0, 0, 0, 0, 0, 0, 2, 0, 0]",aMajor,0.7745966692414831,"[-0.2581988897471612, 0.25819888974716104, 0.25819888974716104, -0.2581988897471611, -0.2581988897471611, 0.25819888974716104, 0.25819888974716104, -0.2581988897471611, -0.2581988897471612, 0.7745966692414831, -0.2581988897471611, -0.2581988897471611, 0.25819888974716104, 0.25819888974716104, -0.2581988897471611, -0.25819888974716115, 0.25819888974716104, 0.25819888974716104, -0.2581988897471611, -0.2581988897471611, -0.25819888974716115, 0.7745966692414831, -0.2581988897471611, -0.25819888974716115]"
309.0 to 309.0,"[0, 0, 2, 0, 0, 0, 0, 0, 0, 0, 0, 0]",gMajor,0.5222329678670937,"[-0.17407765595569788, -0.17407765595569788, 0.5222329678670936, -0.17407765595569788, -0.17407765595569788, -0.17407765595569788, -0.17407765595569788, 0.5222329678670937, -0.17407765595569788, -0.17407765595569788, 0.5222329678670936, -0.17407765595569788, -0.17407765595569788, -0.17407765595569788, 0.5222329678670937, -0.17407765595569785, -0.17407765595569788, 0.5222329678670936, -0.17407765595569788, -0.17407765595569788, -0.17407765595569788, -0.17407765595569788, 0.5222329678670937, -0.17407765595569785]"
310.0 to 310.0,"[0, 0, 0, 0, 0, 0, 0, 0, 0, 1, 0, 0]",dMajor,0.5222329678670936,"[-0.17407765595569782, -0.17407765595569785, 0.5222329678670936, -0.17407765595569785, -0.17407765595569782, 0.5222329678670935, -0.17407765595569785, -0.17407765595569785, -0.17407765595569782, 0.5222329678670935, -0.17407765595569785, -0.17407765595569785, 0.5222329678670935, -0.17407765595569782, -0.17407765595569785, -0.17407765595569785, -0.17407765595569785, 0.5222329678670935, -0.17407765595569785, -0.17407765595569785, -0.17407765595569785, 0.5222329678670935, -0.17407765595569785, -0.17407765595569785]"
311.0 to 311.0,"[0, 0, 1, 0, 0, 0, 0, 0, 0, 0, 0, 0]",gMajor,0.5222329678670937,"[-0.17407765595569788, -0.17407765595569788, 0.5222329678670936, -0.17407765595569788, -0.17407765595569788, -0.17407765595569788, -0.17407765595569788, 0.5222329678670937, -0.17407765595569788, -0.17407765595569788, 0.5222329678670936, -0.17407765595569788, -0.17407765595569788, -0.17407765595569788, 0.5222329678670937, -0.17407765595569785, -0.17407765595569788, 0.5222329678670936, -0.17407765595569788, -0.17407765595569788, -0.17407765595569788, -0.17407765595569788, 0.5222329678670937, -0.17407765595569785]"
